iter,ch0,ch1,ch2,ch3,ch4,ch5,ch6,ch7,ch8,ch9,ch10,ch11,ch12,ch13,ch14,ch15,ch16,ch17,ch18,ch19,ch20,ch21,ch22,ch23,ch24,ch25,ch26,ch27,ch28,ch29,ch30,ch31,ch32,ch33,ch34,ch35,ch36,ch37,ch38,ch39,ch40,ch41,ch42,ch43,ch44,ch45,ch46,ch47,ch48,ch49,ch50,ch51,ch52,ch53,ch54,ch55,ch56,ch57,ch58,ch59,ch60,ch61,ch62,ch63,ch64,ch65,ch66,ch67,ch68,ch69,ch70,ch71,ch72,ch73,ch74,ch75,ch76,ch77,ch78,ch79,ch80,ch81,ch82,ch83,ch84,ch85,ch86,ch87,ch88,ch89,ch90,ch91,ch92,ch93,ch94,ch95,ch96,ch97,ch98,ch99,ch100,ch101,ch102,ch103,ch104,ch105,ch106,ch107,ch108,ch109,ch110,ch111,ch112,ch113,ch114,ch115,ch116,ch117,ch118,ch119,ch120,ch121,ch122,ch123,ch124,ch125,ch126,ch127,ch128,ch129,ch130,ch131,ch132,ch133,ch134,ch135,ch136,ch137,ch138,ch139,ch140,ch141,ch142,ch143,ch144,ch145,ch146,ch147,ch148,ch149,ch150,ch151,ch152,ch153,ch154,ch155,ch156,ch157,ch158,ch159,ch160,ch161,ch162,ch163,ch164,ch165,ch166,ch167,ch168,ch169,ch170,ch171,ch172,ch173,ch174,ch175,ch176,ch177,ch178,ch179,ch180,ch181,ch182,ch183,ch184,ch185,ch186,ch187,ch188,ch189,ch190,ch191,ch192,ch193,ch194,ch195,ch196,ch197,ch198,ch199,ch200,ch201,ch202,ch203,ch204,ch205,ch206,ch207,ch208,ch209,ch210,ch211,ch212,ch213,ch214,ch215,ch216,ch217,ch218,ch219,ch220,ch221,ch222,ch223,ch224,ch225,ch226,ch227,ch228,ch229,ch230,ch231,ch232,ch233,ch234,ch235,ch236,ch237,ch238,ch239,ch240,ch241,ch242,ch243,ch244,ch245,ch246,ch247,ch248,ch249,ch250,ch251,ch252,ch253,ch254,ch255,ch256,ch257,ch258,ch259,ch260,ch261,ch262,ch263,ch264,ch265,ch266,ch267,ch268,ch269,ch270,ch271,ch272,ch273,ch274,ch275,ch276,ch277,ch278,ch279,ch280,ch281,ch282,ch283,ch284,ch285,ch286,ch287,ch288,ch289,ch290,ch291,ch292,ch293,ch294,ch295,ch296,ch297,ch298,ch299,ch300,ch301,ch302,ch303,ch304,ch305,ch306,ch307,ch308,ch309,ch310,ch311,ch312,ch313,ch314,ch315,ch316,ch317,ch318,ch319,ch320,ch321,ch322,ch323,ch324,ch325,ch326,ch327,ch328,ch329,ch330,ch331,ch332,ch333,ch334,ch335,ch336,ch337,ch338,ch339,ch340,ch341,ch342,ch343,ch344,ch345,ch346,ch347,ch348,ch349,ch350,ch351,ch352,ch353,ch354,ch355,ch356,ch357,ch358,ch359,ch360,ch361,ch362,ch363,ch364,ch365,ch366,ch367,ch368,ch369,ch370,ch371,ch372,ch373,ch374,ch375,ch376,ch377,ch378,ch379,ch380,ch381,ch382,ch383,ch384,ch385,ch386,ch387,ch388,ch389,ch390,ch391,ch392,ch393,ch394,ch395,ch396,ch397,ch398,ch399,ch400,ch401,ch402,ch403,ch404,ch405,ch406,ch407,ch408,ch409,ch410,ch411,ch412,ch413,ch414,ch415,ch416,ch417,ch418,ch419,ch420,ch421,ch422,ch423,ch424,ch425,ch426,ch427,ch428,ch429,ch430,ch431,ch432,ch433,ch434,ch435,ch436,ch437,ch438,ch439,ch440,ch441,ch442,ch443,ch444,ch445,ch446,ch447,ch448,ch449,ch450,ch451,ch452,ch453,ch454,ch455,ch456,ch457,ch458,ch459,ch460,ch461,ch462,ch463,ch464,ch465,ch466,ch467,ch468,ch469,ch470,ch471,ch472,ch473,ch474,ch475,ch476,ch477,ch478,ch479,ch480,ch481,ch482,ch483,ch484,ch485,ch486,ch487,ch488,ch489,ch490,ch491,ch492,ch493,ch494,ch495,ch496,ch497,ch498,ch499,ch500,ch501,ch502,ch503,ch504,ch505,ch506,ch507,ch508,ch509,ch510,ch511
2000,0.7274,3.7604,1.7296,1.1795,0.3897,0.9140,0.4820,2.4231,2.0811,1.2166,0.8029,1.1251,1.2133,0.9784,0.8652,2.8373,0.5928,0.8350,1.1268,2.3290,0.8081,2.9479,0.6094,0.3368,1.9006,4.1471,0.8628,4.3282,2.4133,2.7118,1.1456,3.2446,4.0748,1.0895,1.0980,0.5514,0.8169,7.3806,3.2275,0.8801,2.6110,4.7269,5.2726,0.6877,2.2929,2.6593,1.2250,3.5831,1.2036,2.6947,0.7067,6.8754,0.5116,0.7881,0.5739,4.1846,2.3456,2.9703,5.1514,3.1502,0.5373,2.3207,0.5582,4.4259,2.9348,1.0689,1.8269,0.7633,1.4191,1.6112,0.6314,1.5011,1.7554,3.2626,3.0624,5.4042,2.8742,1.2211,5.7952,6.1957,1.5377,0.9526,0.9772,0.6108,1.1225,0.5530,3.5746,0.5735,2.5451,2.6916,4.1977,2.3851,0.7124,0.7626,5.4750,1.1456,0.4168,2.3662,2.7678,2.6326,0.6037,0.6548,2.9516,0.7056,3.3021,1.7764,1.2541,0.8549,0.7143,0.9915,3.5370,2.3854,0.6351,0.7254,4.9441,0.9453,3.6164,1.8343,0.5453,0.4355,4.8055,1.4484,4.8635,0.9470,0.5870,1.8992,4.9102,0.7885,0.6608,1.4325,0.6915,3.0594,3.7138,2.3091,1.3657,0.8247,2.0432,0.9527,2.9171,1.0543,5.0753,2.4271,2.1863,2.5644,1.4743,1.5964,0.8780,0.6697,0.8609,2.5495,3.4689,0.5558,1.0714,1.1855,1.5169,2.7903,1.3188,2.4817,6.4653,0.9941,0.7588,1.1052,3.3331,5.6178,1.0442,1.6265,1.3161,2.0615,1.9233,0.8193,1.1928,1.0298,0.7757,2.5799,1.6282,3.2309,0.5499,0.8616,0.6057,0.5422,1.9787,2.2674,3.5820,1.3292,0.7471,5.0531,1.0872,0.6345,2.2643,2.6916,2.4233,0.8025,0.6689,2.0479,0.6804,1.2280,0.5451,2.5982,0.6392,4.4197,2.4795,0.9730,4.9860,2.0540,1.2799,2.8475,2.2929,13.9296,1.8404,1.3655,0.9902,6.2155,8.3844,1.4619,0.8946,1.4852,3.0597,1.9549,7.3980,0.4806,0.9614,17.2063,2.1493,0.6103,0.9994,3.3927,1.2305,2.9722,1.0760,2.1871,0.9213,0.9948,2.2892,4.7633,1.1469,0.4888,2.4153,2.3368,0.7679,1.7159,0.4711,1.8693,0.7794,1.0387,0.6917,3.0643,1.0378,0.7634,2.3515,2.8009,1.6302,4.3128,13.3012,0.7750,4.8270,0.6289,0.3784,1.0915,1.1828,2.6683,2.2331,1.5012,1.6076,1.7995,0.6816,2.9888,2.9919,1.0977,2.9520,2.2664,2.4314,0.4855,2.0231,2.1168,1.0122,0.8690,6.2239,0.5811,1.7725,1.3663,4.3054,3.7592,1.2185,1.0581,0.6919,0.6540,0.5345,0.3277,0.9650,0.8333,0.5143,3.6928,0.8007,0.4979,2.0880,0.9433,7.2129,4.8937,0.7154,2.6200,1.7449,2.1328,2.1480,1.1310,0.8118,0.8498,4.0848,0.4674,13.3324,0.6381,0.6704,6.4628,0.9399,1.6625,0.4468,0.7219,1.0243,4.6063,0.5354,1.4361,2.0410,6.8208,2.0015,0.5523,0.7685,1.9728,0.7965,2.1510,0.6420,2.5496,0.5755,2.5781,4.4040,0.8974,1.6095,1.0581,6.4062,3.7921,0.9527,0.5064,0.6327,1.2243,3.3420,0.5913,0.6402,0.6528,1.8752,0.9806,2.6995,0.6473,0.5850,0.9273,0.4688,1.3065,0.6042,2.7147,3.9530,0.9430,7.2445,10.0689,2.0298,0.6399,0.8117,5.9194,0.5175,2.1935,0.7777,0.5121,0.9527,3.8644,0.7801,0.5207,4.8382,0.6798,1.5612,0.8280,1.0616,0.4302,0.5459,1.3207,2.1287,0.4314,0.7224,4.7562,4.9259,4.7234,1.0061,0.7242,3.4161,0.5803,0.6708,6.1064,1.8771,0.7016,3.0331,2.7207,1.0470,1.8892,0.5759,11.1116,0.7256,0.9056,0.8787,0.7520,0.8624,1.9994,1.1976,6.2905,0.9842,1.7128,1.2844,1.7760,0.9880,0.7494,1.3358,1.0856,0.6419,4.7242,1.0382,0.8238,1.9779,0.6933,2.0498,0.8947,4.4115,5.3519,2.8631,1.0204,4.1030,2.0025,0.6446,4.5801,1.1109,0.6689,0.5808,2.2739,3.9565,2.3543,1.4300,0.5505,2.1680,7.6919,1.6452,1.6769,1.0055,1.1015,0.6908,0.9159,0.8269,1.2982,1.1966,0.7642,1.7528,0.4289,0.5672,1.8847,1.0951,2.0566,2.9796,0.4882,1.7469,1.8007,2.0008,0.4968,1.9073,0.7360,0.8920,0.6730,13.9239,2.6319,0.7715,0.9186,1.2247,2.9529,0.4582,2.7446,5.6577,3.9582,1.1462,6.1836,4.2608,1.7554,0.5614,2.2224,1.6234,0.5362,0.6571,0.9554,4.1204,1.6778,0.9216,1.2386,2.0302,10.2212,1.1713,0.6438,2.7495,4.1382,0.9614,1.1490,1.3335,0.9392,7.1083,0.8049,3.3072,3.1237,1.7313,0.9967,2.9322,0.5651,1.5571,1.6719
6000,1.6856,2.7355,0.8612,0.8801,0.7902,1.3143,1.1414,3.1526,2.5701,0.7723,1.0624,1.7312,1.3888,1.8724,0.8825,2.7298,0.6021,1.5206,1.8254,2.0729,0.6851,2.1244,0.9927,0.7444,1.8207,1.7828,1.1586,1.7704,2.6273,1.9265,1.0282,1.5677,3.0270,1.1966,1.2403,0.8723,0.8778,6.5592,1.4828,1.4029,1.3998,2.5163,4.0448,0.8196,1.2356,1.2509,1.0230,4.0037,1.3804,1.0701,0.9231,4.4843,1.1056,0.8151,1.4248,1.9049,1.7341,1.2756,4.4299,2.4560,1.8238,1.0019,0.8432,1.9936,1.2424,0.8386,1.6985,1.4870,1.2601,1.4658,0.9751,0.6977,1.2720,0.8687,1.3577,1.0153,1.9846,0.7339,4.8886,5.3019,1.4871,1.2730,0.8292,0.8050,2.2420,1.0683,1.3034,0.6092,0.9759,1.2396,4.0070,1.7542,1.4560,0.6541,2.8745,1.1332,0.8070,1.5622,1.5892,0.6769,0.4464,1.6072,0.9056,0.9056,1.9060,1.4856,9.7858,0.8003,1.0559,0.6476,1.3769,1.0670,1.2684,0.7849,4.4078,1.8563,1.6895,0.9211,1.0797,0.7329,2.8209,1.0399,5.6381,0.8916,1.2725,1.4518,3.6905,0.8529,1.1291,1.4072,1.0315,2.0665,3.9746,1.0199,2.6967,0.8477,1.0578,1.4394,2.5073,1.2927,4.4620,1.0240,1.6458,1.1532,1.4892,2.3657,0.8002,1.4966,1.3187,0.9411,2.1464,0.6711,1.1928,0.9115,1.0118,1.6079,0.8429,1.1406,6.3304,2.6719,1.0907,1.9117,3.4584,5.7127,1.6565,2.3533,1.2234,1.1650,1.7492,1.2629,0.9754,0.8367,1.2062,2.0878,1.6962,2.0100,0.7183,0.9551,0.9182,1.1735,0.9176,1.5863,0.9092,0.8700,0.8736,3.5949,0.7301,1.1474,2.0068,1.2869,1.5253,1.2799,0.9274,1.6549,0.7352,1.3347,1.2960,1.0892,0.6663,1.0386,1.8872,0.8609,5.9056,2.1198,1.7155,3.5866,2.0156,37.7233,1.5910,1.4512,0.8934,5.1500,5.7325,2.4227,0.9983,1.7793,1.7217,2.1777,7.8096,1.4982,0.9732,33.6576,2.2477,1.6655,1.5289,3.0745,0.5999,1.8284,0.9011,2.0976,1.0169,0.8385,2.5364,3.2596,1.1541,0.6563,0.9935,0.9200,0.9118,1.2186,1.2023,1.0293,0.6794,1.5023,0.5835,2.5688,1.0256,1.8445,2.1111,2.0089,1.6491,2.2636,19.4861,0.7016,2.4800,0.8349,1.6386,1.0267,0.9248,2.0020,2.4895,0.9240,0.8739,1.7412,0.9401,1.1087,1.5628,1.4569,1.8843,0.4574,2.6700,0.7051,0.8794,0.8285,1.0450,1.1104,4.9122,0.8811,1.2341,1.1891,3.0275,1.3262,0.9438,1.9762,1.5086,1.5264,1.2361,0.6531,0.8290,0.5407,0.4053,1.5041,0.6802,1.5277,0.7326,1.2681,4.9898,4.2402,0.6265,1.4125,1.8610,1.1776,1.1710,0.9530,0.9411,0.9113,1.5178,0.8049,24.7085,0.6814,1.1129,4.7866,0.9011,1.7516,0.9716,0.7877,1.4300,3.4068,1.0740,1.1827,1.0218,6.3506,0.9445,0.9661,0.6077,0.6511,0.7788,0.7911,0.8930,2.0596,1.5708,1.0366,3.8441,1.2718,1.0582,1.9536,5.7291,2.5995,2.0932,0.7128,1.1287,0.8827,3.1837,0.9547,0.8887,0.6806,1.6606,1.4956,1.9614,1.0249,1.2967,1.8614,0.9471,1.5350,1.1230,0.7243,2.8972,1.2274,5.0301,21.3216,2.2845,0.8832,1.0215,4.6468,0.6805,1.2380,0.8207,0.8223,0.8681,4.4048,0.8048,0.8936,2.8788,1.3300,2.1042,0.6102,1.3237,0.7752,0.8082,1.1993,1.7198,0.8034,0.9063,4.4676,2.6847,3.3686,0.9056,1.1608,3.0315,2.8616,1.2206,3.5687,1.1711,1.4238,1.3428,1.1616,0.6308,2.3902,0.8245,13.3167,2.3497,1.0159,1.9793,2.4122,0.8022,2.3063,0.9334,4.5626,1.3807,2.0950,1.4503,3.0863,0.7913,1.0115,0.8469,0.6560,1.2423,3.2048,0.7608,1.1703,0.9303,0.9364,1.6597,1.0634,2.2518,2.5087,2.0872,1.3953,3.0789,2.0859,1.6434,1.4223,1.1869,1.7015,0.9669,1.5256,1.8426,2.1969,0.7527,0.7096,1.7576,8.4601,1.0073,1.1049,1.1001,0.9810,1.4411,1.0280,1.0255,1.5842,0.9570,0.8115,1.0366,0.7583,0.7675,1.6988,1.1202,1.5949,2.6487,0.7869,2.1960,2.0837,2.2709,1.8941,1.2668,1.2291,0.8785,0.7395,24.8868,1.2737,1.0491,0.8873,0.9692,2.6876,0.8064,1.7770,3.0508,2.9471,2.1701,5.0738,3.3737,0.6942,2.1698,1.5961,1.5712,1.0320,0.7174,1.0625,2.8897,1.0572,0.7577,1.0835,1.2645,6.0940,0.9230,1.3582,1.5935,1.4522,0.7710,0.6555,0.8822,1.0203,6.5787,1.7665,0.9578,2.5528,0.9858,1.4355,1.0551,0.6880,1.1623,2.3796
10000,2.0881,1.7804,1.0813,0.7276,0.9487,1.5522,1.2851,1.9031,2.4505,0.8497,1.0694,2.2676,1.8659,2.3923,0.9399,2.0639,1.2293,1.2097,1.1977,2.0266,1.0963,1.8325,1.0639,0.6437,1.1557,1.4885,1.0209,1.1885,3.3224,1.9587,1.8842,1.7377,2.4541,1.4846,0.8513,0.8226,0.9389,5.3129,1.0684,0.8574,1.3750,1.5963,3.4469,0.6881,1.1842,0.8958,1.9526,2.9166,1.0774,1.0249,1.0451,3.6904,1.2501,0.8663,0.9902,1.3143,1.7122,1.3373,3.1101,2.7655,1.0607,0.7965,0.8409,1.2705,1.4557,0.7452,0.8102,2.3856,1.2772,0.9891,0.8743,1.2954,1.8858,0.7748,1.3587,1.8550,1.8335,0.8841,4.3625,4.2373,1.2188,1.4087,0.6984,0.9560,2.3810,1.0221,1.0038,0.9065,1.0997,1.1020,2.6770,1.5868,0.9656,0.9549,3.3316,1.0601,0.7576,0.9297,1.7420,0.9302,0.6783,1.5228,0.7048,1.0354,1.3054,1.1639,13.9985,0.7343,0.9444,0.9359,0.9712,0.9516,1.0911,0.9276,3.4375,1.4115,2.3537,0.7361,0.7413,0.7000,2.1014,1.1474,3.9905,1.1919,1.5292,0.9103,3.5563,1.1526,1.0326,1.5231,0.9336,1.7111,4.1255,0.7586,2.5281,0.8070,0.9324,2.1690,2.3061,1.1649,3.3580,1.3430,2.3626,2.2372,0.8191,1.9783,0.9952,0.9374,1.4113,1.4314,2.0922,0.8543,1.0702,0.6451,0.9761,1.9564,0.7528,0.8685,4.5358,3.3441,1.1147,1.4003,3.4191,4.3814,1.5382,1.7771,0.9778,1.6063,1.1818,1.0353,0.8877,0.6351,1.5195,1.5804,1.5138,1.8573,1.0944,0.7168,0.7179,1.4544,1.0417,1.5399,0.6443,0.9992,0.8784,2.3583,0.9089,1.9895,1.1327,0.9479,1.5998,0.7788,0.7741,2.0926,0.7734,1.4341,1.5181,0.7656,0.7614,1.4617,1.1376,0.9962,4.6670,1.5031,1.7071,3.3390,1.8017,51.8469,3.3457,1.4468,0.6819,4.6700,4.7621,2.5423,0.8853,1.1390,1.3247,1.4885,8.3341,1.4691,1.0590,39.8717,2.1434,1.0596,1.6997,2.7312,0.9226,1.0417,0.8463,1.7394,1.0867,0.5661,2.2723,2.7697,0.9946,0.9757,0.7081,0.5571,1.0239,1.3897,1.5600,1.2540,0.6617,2.5587,1.0547,1.5099,0.8690,1.9022,2.0221,2.3632,2.0702,1.9992,16.3006,1.4359,1.5192,0.9177,1.8180,1.2052,0.8271,1.9494,2.2510,1.0267,1.0063,1.2655,0.6498,1.3876,1.8203,1.6490,2.0591,0.3036,1.7606,0.7904,0.7714,0.6069,0.9216,0.8152,4.4464,0.8545,1.5146,1.3050,3.0118,2.1301,1.2922,0.6217,1.8783,1.3946,1.2253,0.6930,0.7059,0.9616,0.9377,1.3567,0.8931,2.1559,1.3409,1.1309,4.0157,5.1963,0.8407,1.0947,1.8712,1.1909,1.0708,1.0633,0.6832,0.7715,1.7578,0.9586,23.2380,0.9605,1.2813,2.5169,2.0191,1.3465,1.1049,1.1543,1.8274,2.9878,0.9987,0.7801,0.9677,7.0647,0.9971,0.7549,1.0781,1.0722,1.0511,0.8384,0.9863,1.9404,2.5882,1.9062,3.2523,1.3812,1.2036,1.8987,3.0431,1.6843,2.7278,0.6173,1.0206,0.9296,3.2006,0.9211,0.8872,1.0427,1.8940,1.3141,1.1188,1.0399,1.0566,1.6477,1.2156,1.4470,0.8647,1.5144,3.7945,1.5246,4.3724,22.9789,1.8706,0.7526,0.9846,3.1841,0.9242,1.3104,0.7844,1.0058,1.4805,3.9722,1.0866,1.1405,2.6570,1.2128,1.9890,0.7330,1.0619,0.9055,0.9092,1.0409,1.8523,1.0421,1.0801,3.9326,0.9489,3.2125,1.2480,1.1360,3.3262,2.3545,1.5691,2.5749,1.2589,1.2940,1.2752,0.9288,0.7314,2.1411,0.9570,13.3682,1.8183,1.4422,1.0713,1.7616,0.8551,1.8661,0.9604,3.5506,1.7238,1.1508,1.7125,3.2181,0.9546,0.7807,0.8234,0.9027,1.2876,2.5569,0.7048,0.8931,1.7110,1.2974,2.5460,1.4927,2.1814,1.5007,2.2940,1.5205,2.4266,1.2867,1.0725,1.6140,0.8849,0.9949,0.8055,0.7918,1.9255,1.5975,0.8193,1.1460,2.0944,6.4949,1.0222,0.9288,1.2147,1.5877,1.5194,0.7991,1.0967,1.5607,0.9277,0.8684,1.4147,0.6213,0.6571,1.9455,0.9143,1.3358,2.3435,1.1430,1.3088,1.1114,1.4800,2.1156,1.1277,1.4048,1.0711,0.9702,26.5251,1.6592,1.1318,1.0949,0.5217,1.9399,0.8696,1.8899,2.4481,1.4675,1.3613,2.8859,2.9910,0.8136,1.3843,1.5236,1.2516,0.8422,0.8051,1.2503,2.7671,0.9196,0.6821,1.1764,1.0968,4.8508,0.9276,1.4236,1.6460,1.7319,1.0786,0.7913,0.7782,1.0855,6.8136,1.8866,1.0035,1.8851,1.0351,0.9464,0.7529,0.8973,0.7917,1.9452
14000,1.7062,1.7139,1.0658,0.5465,0.5362,1.1166,1.1618,3.0219,3.5260,0.7515,0.7570,1.9776,1.6112,2.2735,1.3125,2.0899,1.0454,0.9020,2.1521,2.0632,1.1167,1.5720,1.1261,0.7111,0.9075,1.5845,1.0021,1.7727,3.4461,1.3059,1.5627,1.2614,1.6131,0.7864,0.6941,0.8557,0.8216,4.5579,0.8554,0.5973,1.3522,1.7699,2.9457,0.8084,0.5897,0.6134,1.3015,3.1948,1.2971,0.7701,0.8929,3.7554,0.9065,0.8473,1.0722,1.1276,2.2771,0.9293,3.4685,2.1630,0.8037,0.5277,0.7517,1.3015,1.0118,0.5515,0.8805,2.0721,1.1616,0.7639,0.7780,0.8177,1.5903,0.7100,1.2362,1.2602,1.8089,1.0700,3.7122,4.1334,1.1705,1.1697,0.6772,0.7193,1.8645,0.9888,0.8375,0.6092,0.9489,0.9223,2.0206,0.8302,1.0386,0.9266,2.7203,1.0722,0.6156,0.6747,1.1866,0.6631,0.6845,1.1524,0.8003,0.7736,1.4607,0.8469,15.6257,0.7927,1.0758,0.7947,0.7065,0.6937,0.6226,0.5243,2.5059,1.2938,1.5209,0.7112,0.8441,0.7056,1.2402,0.7483,3.5554,1.2084,1.0798,0.6139,2.9711,1.0484,1.2066,1.6043,0.9877,1.8308,3.8626,0.7370,2.6224,0.8409,0.7621,2.5686,2.6162,1.2214,2.9531,1.0051,2.6176,2.5088,0.7545,2.5977,0.6692,1.1130,1.5086,0.9591,1.8088,0.6889,1.1020,0.5442,1.2418,2.0516,0.5458,0.7287,2.9992,3.7338,0.8758,1.3261,3.0811,4.1518,1.6741,3.1140,1.0921,1.5170,1.0255,1.7071,0.8890,0.5928,1.0662,1.6481,2.1265,1.8368,0.8534,0.6602,0.5588,1.2632,1.6696,1.6453,0.6164,0.5740,0.9387,2.7867,1.0578,1.5817,1.4088,0.8376,1.4484,0.8413,0.6889,1.3423,0.6956,0.9879,1.6559,1.0354,1.0572,1.5648,1.1172,0.8884,4.4343,1.9917,1.6768,3.0672,1.9293,59.9608,4.2385,1.0069,0.7072,3.7282,4.3827,2.1791,1.1076,1.4641,0.9198,1.0526,6.7422,1.2922,0.7909,41.3256,1.5434,0.9785,1.4891,1.7399,1.5311,0.9511,0.6119,1.5014,0.9142,0.8295,1.9976,2.1132,0.9229,0.8077,0.6355,0.4820,0.9892,1.2410,1.7515,2.2320,0.6283,1.5461,0.5745,1.2110,0.8485,2.1902,2.1943,2.0682,1.6091,1.2180,13.2962,0.9278,1.0136,1.2435,2.4213,0.9096,1.0497,1.7150,2.7624,0.8954,0.7984,1.0593,0.5735,0.6451,1.2943,1.1347,1.9456,0.6645,2.2293,0.6723,0.6248,0.7154,1.2669,1.1477,3.8650,1.1794,1.1075,0.7776,2.2413,1.7319,0.9279,1.4487,1.5498,1.0597,1.4296,0.8482,0.6334,1.0550,0.6956,0.9162,1.4355,1.8244,1.2178,1.2293,4.0070,5.3006,0.7445,1.4611,1.4828,1.0359,1.6726,1.0465,0.5463,1.1487,1.4403,0.7834,20.6671,0.8026,0.9872,1.7678,1.4965,1.6064,0.9245,0.8564,1.6111,3.1355,1.0320,0.7457,0.7741,5.1272,1.0300,0.5937,0.9592,1.1258,0.5546,0.6323,0.8625,1.7215,2.5203,1.4577,4.2956,1.3654,0.9748,1.7475,2.5511,1.1879,3.1615,0.5256,1.0973,0.9004,2.6603,0.6394,0.6832,0.6054,1.6358,0.9166,1.8060,1.6780,1.3982,1.4593,0.7247,0.8894,1.1143,1.0771,3.5434,1.4889,3.7245,21.6163,1.9691,1.3486,1.0287,3.2597,0.7499,1.0796,0.7552,0.8080,1.0085,3.0975,0.9533,0.9063,2.2263,0.9627,1.7402,0.5966,1.1795,0.6500,1.1373,0.6262,1.4880,0.8039,0.9278,2.7364,1.2888,3.1912,0.7543,0.6882,3.2488,2.7055,0.9988,1.5697,1.6624,0.9110,1.0596,0.7745,0.6878,1.7243,0.8247,12.4522,2.1366,0.9825,0.9636,2.2914,0.6539,2.1712,1.0097,3.7408,1.1536,1.4484,1.5474,1.8233,0.5992,0.8942,1.0263,1.0457,1.3880,2.0856,0.6893,0.7964,1.6031,1.2962,2.6784,0.8966,2.2305,0.9264,1.7078,1.0139,2.2285,1.2050,1.1069,1.1548,0.7098,2.0673,0.8520,0.9615,1.5680,1.4428,0.6193,0.9519,1.6029,5.0950,0.7768,0.8579,1.1034,0.6576,1.8491,0.8828,0.9293,2.0038,0.8330,1.1915,1.1055,0.9721,0.6282,1.0537,0.7013,1.4554,2.8277,1.1218,1.8892,1.4934,1.6543,1.9677,0.6181,1.0520,1.0872,0.8671,24.7295,1.3276,1.0278,0.9042,0.5083,1.6473,0.7212,1.2543,2.3402,1.8080,1.7526,3.0183,3.2168,0.9358,1.6393,1.2415,1.6332,0.9250,0.5395,0.8434,2.7659,0.7109,0.6271,1.0223,1.3846,4.3391,0.8279,1.0515,2.1973,2.7279,1.0623,0.5269,0.8420,0.8669,6.3196,1.4909,0.7084,1.4639,1.2429,0.7231,0.7414,1.3720,1.0718,1.8480
18000,1.6976,1.0999,0.8606,0.5799,0.6853,1.2349,1.3014,2.0429,3.7814,0.5879,0.9286,1.7383,1.3426,2.2362,1.1112,1.9336,0.8808,1.3452,1.8440,1.8131,1.2493,1.3030,0.9624,0.5892,0.8068,1.3500,1.0090,1.5627,2.9153,1.5238,0.9151,1.3020,1.4093,0.8828,0.6423,0.6195,0.7472,4.0920,0.8508,0.6768,1.0154,1.4090,2.4815,1.0582,0.7469,0.8358,1.7264,2.6307,1.0206,0.6740,0.7082,2.8442,0.6985,0.8718,0.6121,1.0316,1.3090,0.9959,2.8639,1.9328,0.9445,0.5694,0.6793,1.5154,1.0910,0.8724,0.7580,1.7328,1.5634,1.1850,0.7921,0.9897,1.3523,0.7300,1.1230,1.1668,2.3448,0.7572,3.1865,3.1840,0.8671,1.3877,0.7055,0.5574,1.6824,1.1168,0.8128,0.6452,0.8798,0.8678,1.8510,1.1489,0.7238,0.7330,2.4605,0.7262,0.7210,0.7569,1.2961,0.7211,0.5561,1.0686,0.6560,0.7415,0.9987,0.8211,14.7156,0.6573,0.8136,0.8480,0.7342,0.6879,1.0704,0.5084,1.9758,1.1092,1.4963,0.8548,0.6670,0.8287,0.7416,0.8323,2.7840,1.2602,1.3003,0.6646,2.5842,1.3022,1.3751,1.5747,0.8731,1.5491,3.5857,0.8674,2.7325,0.5861,0.9577,2.4642,1.9516,0.7288,2.4702,0.8278,2.1072,2.8289,0.7115,2.1263,0.7012,1.1619,1.1358,0.8490,1.7093,0.5528,0.9565,0.4265,1.2496,2.7455,0.8342,0.7439,2.6323,3.7125,0.7994,0.8013,2.9568,3.3084,1.9357,2.2218,0.7180,0.7678,0.9567,1.4953,0.7569,0.6056,0.9359,0.9992,1.6672,1.5902,0.7007,0.7873,0.4962,0.7832,0.8054,1.7356,0.6485,1.1962,0.5568,2.4325,1.0130,1.6165,0.9346,0.8087,1.0604,0.6154,0.6985,1.1580,0.7031,0.8456,1.4407,0.7640,0.9402,1.7398,1.0592,0.8629,4.2510,1.9157,1.5844,3.0343,1.6662,57.9659,5.4368,0.9153,0.7652,3.2193,3.0033,1.7275,0.7716,1.2262,0.8923,1.2800,5.9982,0.8517,0.8701,38.8933,1.2491,0.6125,1.8008,1.2590,1.4554,0.7465,0.7535,0.8927,0.7149,0.6981,1.5877,2.3445,0.8864,0.8303,0.6600,0.5180,0.9912,1.0794,1.7502,1.8751,0.5496,2.1478,0.5685,0.9721,0.7429,2.0965,1.6635,1.4050,1.4608,1.8164,10.9306,0.7760,1.3272,1.2865,2.3746,0.8370,0.7469,1.9127,2.7255,0.8797,0.9019,1.1135,0.4748,0.7156,1.1015,0.9935,1.7549,0.4262,2.1267,0.5780,0.7948,0.6400,0.9778,0.7775,3.4391,1.0521,0.7356,0.8436,2.2153,1.3359,0.9503,1.3930,1.5474,1.3219,1.0361,0.8504,0.6163,0.7130,0.6712,1.0285,0.7509,1.6236,0.9545,1.3792,3.6065,5.4166,0.6781,1.5167,1.3678,0.7250,1.9590,1.2454,0.5076,0.8675,1.2090,0.9008,19.1979,0.6942,1.1767,1.9451,1.5402,1.1031,1.0155,0.7197,1.8664,2.7615,0.5504,0.8221,0.7827,5.1843,0.6128,0.6674,1.0405,0.6917,1.2501,0.5466,1.0235,1.6780,2.3370,1.1130,3.4854,1.9007,0.8395,1.4503,2.1748,1.0867,3.5093,0.8640,0.9824,1.1616,2.5621,0.6055,0.6992,0.9872,1.4382,0.8275,1.7251,1.1810,1.2626,1.0985,0.6533,1.0792,0.7784,1.2590,3.0995,1.4578,2.8137,19.7600,2.1830,1.3732,0.9616,3.5452,0.6271,1.0466,0.6045,0.7572,1.5144,2.9987,0.7692,0.8510,2.1735,0.7739,1.5740,0.6916,0.8811,0.8453,0.6844,0.6388,1.2840,0.9531,0.9481,2.2126,1.1380,3.1051,0.9658,0.6050,3.1844,2.8065,1.2657,1.9036,1.3073,0.9466,0.7371,0.7865,0.8721,1.7002,0.7114,11.1347,1.3069,1.0802,0.7204,1.9964,0.7975,1.7002,0.9201,3.2992,1.0609,1.1309,1.7359,1.6275,0.6587,0.8143,1.1221,0.7812,1.3070,1.7134,0.5718,0.9184,1.3191,1.0486,2.5747,0.9077,1.8310,1.1314,1.6133,0.6688,2.5815,1.6328,1.5958,1.0506,0.6484,0.9828,1.2054,0.7713,1.6064,1.4776,0.7970,0.8690,1.6305,4.0540,0.8571,0.8961,1.0967,1.1655,1.0463,0.8766,0.9222,1.8193,0.8048,0.8199,0.8640,1.2251,0.4422,1.1597,0.7921,1.2933,2.8860,1.0062,2.4382,0.9194,1.0992,1.3764,0.5823,0.9316,0.8355,0.8242,21.5713,1.3807,0.8132,0.8510,0.7054,1.7142,0.6275,1.3776,1.5275,2.1048,1.9933,2.7483,2.8514,0.7693,1.3679,1.0981,1.5728,0.6317,0.6123,0.6318,2.5839,0.5949,0.5664,1.0019,0.9644,4.1532,0.8158,0.7935,1.5117,2.1481,1.2025,0.8234,0.7794,0.8001,5.4312,1.7780,0.6318,1.6142,1.1984,0.6381,0.6922,1.0833,0.9516,2.0487
22000,1.9669,0.9016,0.7869,0.4177,0.5668,0.8785,1.3076,2.2588,3.4099,0.3793,0.7689,1.8255,1.1472,2.2276,1.5716,1.8353,0.5719,1.0572,1.5187,2.0970,0.9717,1.0835,0.7735,0.5067,0.9205,1.7007,1.1108,0.7841,2.5031,1.1074,0.6354,0.7642,1.3844,0.6429,0.5383,0.5758,0.7425,3.9323,0.8138,0.6270,1.1460,1.6928,1.8492,0.5340,0.7950,0.8236,1.5290,2.8826,1.0873,0.6758,0.6825,3.0285,0.6157,0.6877,0.7252,1.0388,1.0429,0.6694,2.5709,1.8081,1.0253,0.4943,0.7727,1.3713,0.8030,0.8475,0.5295,1.9148,1.0870,0.8206,0.7281,0.6330,0.7664,0.5850,0.8641,1.4114,1.9445,0.5298,2.9874,2.0968,0.7985,1.1891,0.5547,0.6881,1.5816,1.1705,0.5573,0.7601,0.7154,0.7162,2.4123,1.0153,0.6083,0.6821,2.1104,0.8597,0.6825,0.6142,1.0531,1.0752,0.5476,1.4163,0.6453,0.6196,1.3858,0.9660,13.9290,0.5836,0.6884,0.7269,0.5824,0.7563,0.5959,0.9013,1.7937,1.6808,1.1274,0.5872,0.8181,0.9430,0.7209,0.6365,2.4528,0.9104,1.0666,0.7804,2.4312,0.8051,1.0758,1.3457,0.7590,1.4656,2.7480,0.5418,2.1332,0.4365,0.6397,2.1900,2.0776,0.7851,2.1954,0.8217,1.8228,2.2258,1.1495,2.3596,0.5206,1.3497,0.8963,1.2825,1.2524,0.5296,0.6433,0.4765,1.0193,2.3512,0.8023,0.7270,2.4402,3.7250,0.8034,0.7700,2.5479,3.4963,1.6864,2.0132,0.7916,0.9143,0.7404,0.8290,0.6349,0.5080,0.8369,0.8376,1.1342,1.4229,0.7472,0.5969,0.5669,0.4894,0.8248,1.1905,0.5332,0.8065,0.5602,2.3975,1.2282,1.3748,0.9876,0.6462,0.7014,0.3974,0.5950,1.0087,0.6659,0.6253,1.5875,0.7329,1.1931,1.4433,0.7350,0.6757,3.3336,1.8665,1.5885,2.5016,1.5404,56.1113,4.5458,0.8818,0.6780,3.3947,3.2430,1.6742,0.7817,1.2412,0.7857,1.2637,5.6682,1.1337,0.6795,35.0634,1.3548,0.6048,1.7095,1.4195,1.2807,0.5931,0.6410,1.2312,0.5715,0.4422,1.5293,2.1934,0.9125,0.5940,0.6323,0.6167,0.6666,0.9993,1.6595,1.7751,0.7637,1.9157,0.6608,0.7448,0.6258,1.8144,2.0581,1.4898,1.2573,1.5687,9.0946,0.6575,0.7623,1.2280,1.9641,0.7003,0.6847,1.6533,2.0533,0.7058,0.6985,0.9089,0.3970,0.5904,0.9495,0.9107,2.1076,0.4547,1.8644,0.4740,0.5322,0.5713,0.9844,0.6651,3.3793,0.9451,0.7476,0.6724,1.9105,0.9054,0.7769,1.2440,1.3056,1.0597,1.1276,0.7766,0.4614,0.5732,0.5022,0.6141,0.9049,1.4597,1.2195,1.1191,3.1430,4.7703,0.5334,1.5118,1.5351,0.6609,1.8036,1.0312,0.3761,0.8818,1.0320,0.8228,17.5492,0.5292,1.3620,1.4764,1.6971,1.3356,1.0606,0.7633,1.7909,2.5256,0.5883,0.6665,0.5601,4.0513,0.6057,0.6721,0.8749,0.7610,1.0339,0.4727,0.6840,1.3509,2.7570,1.5637,3.1350,1.8045,0.9413,1.1181,1.8189,0.7093,3.2372,0.6004,0.7265,0.8478,2.6118,0.4522,0.5908,0.7535,1.3494,1.1049,1.6915,0.8196,1.2712,1.0225,0.5209,1.1544,0.7096,1.0988,2.9963,1.2184,3.1085,17.9942,1.7881,1.0714,0.6512,3.0953,0.5290,0.6885,0.5641,0.5963,1.0985,2.9276,1.0655,0.7393,2.2620,0.8701,1.8342,0.6075,0.9127,0.6718,0.5843,0.5560,1.4465,0.7352,0.8368,1.8597,1.2922,2.7737,0.8001,0.4113,2.8147,2.5489,1.0854,1.6867,1.2136,0.9229,0.6326,0.6324,0.7500,1.9367,0.5789,10.3680,1.3795,0.9883,0.6669,1.9124,0.5012,1.0118,0.7133,3.0977,1.4956,1.0025,0.9103,1.5173,0.4602,0.6720,1.0150,0.5649,1.1919,1.7362,0.4568,0.7904,1.2958,0.6617,2.7153,0.6815,1.9341,0.8388,1.7168,0.6216,2.2108,1.3310,1.0626,0.9597,0.5786,1.3355,0.9495,0.6193,1.4363,1.0458,0.5746,0.9119,1.1168,3.3658,0.6846,0.5657,1.0715,0.6128,1.0241,1.1456,0.6377,1.4168,0.5419,0.8049,0.6528,0.9878,0.7326,1.2235,0.5646,1.3670,2.9400,0.9120,2.1700,0.6437,1.1080,1.3674,0.6991,0.9641,0.9578,0.7379,18.0610,1.0649,0.6949,0.9372,0.6476,1.6250,0.5513,1.1729,1.4624,1.5630,1.8528,2.3261,2.9248,0.9045,1.3509,0.8334,1.7582,0.6426,0.5189,0.5954,2.9245,0.6003,0.4951,0.9271,0.8645,3.8311,0.7151,0.7290,1.0467,1.9412,0.8621,0.7313,0.5095,0.8333,5.1897,1.5327,0.5578,1.0722,0.9563,0.5180,0.5478,0.7290,1.0891,2.0168
26000,1.4147,0.8450,0.7114,0.3611,0.5701,0.9683,1.1159,2.1074,3.1182,0.4234,0.6724,1.7142,1.0840,2.1671,1.3662,1.6343,0.5437,0.8790,1.4081,1.7530,0.9304,0.7416,0.6409,0.5558,0.8161,1.3065,0.9812,1.1200,2.0925,1.2529,0.5533,0.9610,1.1161,0.7484,0.4345,0.4378,0.6299,3.7615,0.9999,0.5895,0.9448,1.5135,1.9581,0.4920,0.6178,0.8962,1.3190,2.5920,1.0040,0.7225,0.6281,2.8622,0.6204,0.7124,0.5898,1.1133,0.7897,0.7237,2.0119,1.4155,1.0284,0.4274,0.9085,1.3672,0.7478,0.7937,0.4881,1.5299,0.8880,1.0087,0.6335,0.7113,0.8784,0.5112,0.9909,1.1352,1.6038,0.5599,2.7007,2.2783,0.6957,1.2963,0.5162,0.5703,1.1987,1.2658,0.5499,0.6210,0.6248,0.8413,1.7815,0.9912,0.6082,0.5621,2.3155,0.7801,0.6286,0.6138,1.0951,0.8031,0.5558,1.3321,0.7370,0.6218,1.3999,0.7768,11.7014,0.4629,0.6304,0.6638,0.6655,0.8485,0.7546,0.6739,1.5560,1.2976,1.2171,0.5566,0.9411,1.0591,0.7120,0.7420,2.2403,0.8807,1.2709,0.6438,2.1722,0.6814,1.1181,1.4815,0.5534,1.1918,2.4021,0.4312,2.1652,0.5114,0.6982,2.2065,2.2147,0.9580,2.0894,0.6494,1.8065,2.3168,0.8907,2.2736,0.5216,1.2284,0.9609,1.4206,1.1317,0.4241,0.5527,0.4289,1.0152,1.7427,0.6914,0.7227,2.3425,3.0627,0.7473,0.6216,2.4208,3.0565,1.5137,2.1759,0.5812,1.2288,0.6766,0.8536,0.6267,0.5665,0.8754,0.7434,1.2446,1.2234,0.5969,0.6686,0.3950,0.5413,1.0562,1.2585,0.4842,0.6458,0.5633,1.8069,1.3379,0.9214,1.0311,0.5728,0.5949,0.3666,0.5828,1.2239,0.5693,0.5630,1.2135,1.1153,1.0404,1.5264,0.8120,0.6514,3.1595,1.6923,1.0201,2.1525,1.2974,50.0668,4.0924,0.7246,0.6627,3.0620,2.7259,1.7530,0.6907,1.3126,0.6478,1.0037,5.2668,0.8531,0.7396,31.1078,1.0298,0.5242,2.0074,1.1303,1.4905,0.5500,0.5090,0.7452,0.6012,0.4425,1.3202,1.7417,0.8086,0.6380,0.7499,0.3912,0.5815,0.9372,1.4054,1.6708,0.4657,1.4121,0.4521,0.5519,0.6426,1.3453,1.5581,1.4148,1.1263,1.8997,8.0061,0.7955,1.0899,1.1740,1.7164,0.6419,0.5665,1.8964,1.9001,0.7252,0.7489,0.8229,0.4061,0.6891,1.0997,0.7568,2.1330,0.2828,1.4822,0.5131,0.5506,0.5050,0.6400,0.6508,3.0359,0.8787,0.8093,0.7124,2.0284,0.8869,0.5099,1.3235,1.3391,0.9234,0.9868,0.8161,0.5654,0.7186,0.4973,0.4637,0.5709,1.3915,0.8748,1.1653,3.2502,4.3122,0.4302,1.3141,1.3349,0.6484,1.5225,0.8908,0.3873,0.7183,1.1905,0.6249,16.0646,0.4388,1.1823,0.9064,1.4578,1.2966,0.8883,0.6391,1.5653,2.4893,0.5875,0.6320,0.5961,3.3497,0.8684,0.6031,1.1199,0.7039,0.9563,0.4895,0.6753,1.4733,2.3481,1.5977,3.0306,1.3630,1.0423,1.2947,1.2075,0.8303,2.6937,0.4987,0.8749,0.5180,2.3206,0.4212,0.5521,0.6135,1.1027,0.7806,2.0673,0.9156,1.1581,0.9520,0.5556,0.8978,0.7188,1.0666,2.5430,1.4231,2.7438,16.5051,1.4778,0.9575,0.5764,2.6521,0.5133,0.6573,0.5139,0.8070,0.7600,3.0996,1.0875,0.7108,1.8244,0.7715,1.3481,0.8026,0.6443,0.6493,0.5053,0.5356,1.0301,0.6426,0.7524,1.4683,1.0754,2.4827,0.8048,0.7788,2.4983,2.6969,0.8207,1.5575,0.8638,1.0179,0.6285,0.5595,0.6819,1.5864,0.7541,9.8722,1.2751,0.7438,0.5353,1.8732,0.5720,1.1468,0.7288,2.9511,1.3562,1.0696,0.8754,1.6833,0.4675,0.5525,0.8864,0.5812,0.9006,1.5082,0.4666,0.9117,1.0742,0.7362,1.9855,0.7241,1.6937,0.9715,1.6397,0.8241,1.8686,1.2453,1.2959,0.8056,0.3918,1.4969,0.9827,0.6436,1.2156,1.0842,0.6055,0.7493,1.1072,3.0892,0.7862,0.7024,0.9053,0.8471,1.0091,1.2143,0.7418,1.3722,0.5703,0.5736,0.7824,0.8880,0.5672,0.8388,0.6085,1.1488,2.2222,0.9089,2.4341,0.7074,0.9493,1.3877,0.5030,1.0644,0.9142,0.6065,15.1199,0.8685,0.7387,0.8855,0.4684,1.4273,0.6246,1.0797,1.5439,1.4202,1.7602,2.0926,2.0774,0.8278,1.3042,0.7073,1.3844,0.6387,0.4588,0.6111,2.2985,0.7247,0.4245,0.6637,0.7899,3.7328,0.5528,0.6169,0.8940,2.0919,0.8496,0.8006,0.5931,0.8490,5.3201,1.2649,0.5623,1.0418,1.2724,0.4417,0.3930,0.7680,1.1003,1.4561
30000,1.6074,0.7987,0.6814,0.4027,0.4337,0.8147,1.1470,1.7409,3.0076,0.3521,0.6172,1.3314,0.9764,1.9159,1.0966,1.7805,0.5549,0.8619,1.3795,1.8883,0.8563,0.9342,0.6201,0.4328,0.6738,1.2108,1.0077,1.1204,1.9482,1.0683,0.5848,0.7586,1.1910,0.7046,0.3786,0.3820,0.5659,3.4802,0.7361,0.5449,0.7982,1.1061,1.3602,0.5198,0.5013,0.8361,1.2550,2.5493,0.8472,0.5692,0.6978,2.3490,0.4900,0.7101,0.6110,0.9078,0.6382,0.5489,1.9599,1.1973,0.6971,0.3719,0.5458,1.2672,0.6243,0.6344,0.4666,1.4315,0.7833,0.9171,0.5407,0.7792,0.9365,0.4986,0.8043,1.2067,1.6323,0.4492,2.8094,1.9772,0.7621,1.1731,0.3790,0.6363,1.2108,1.2487,0.5538,0.4204,0.6543,0.5103,1.6979,0.5105,0.5541,0.4481,2.0436,0.6501,0.5342,0.5600,0.8352,1.0262,0.4833,1.3388,0.7308,0.5220,1.1922,0.7395,10.9995,0.4086,0.6183,0.8305,0.9035,0.6514,0.6010,0.8392,1.2355,0.9461,1.3281,0.4812,0.6619,0.9668,0.5434,0.4484,1.8719,0.8455,0.9398,0.6409,2.2058,0.8413,0.5839,1.2757,0.5782,0.9009,2.5341,0.3851,1.8714,0.3843,0.5505,1.6880,1.6964,1.0955,1.7722,0.5465,1.5241,2.1441,0.6759,2.0782,0.4517,1.1747,0.8072,1.3478,0.9587,0.3793,0.5959,0.2947,0.7830,1.9055,0.7281,0.6019,1.8658,2.9343,0.5376,0.7187,2.2488,2.9646,1.1889,1.8057,0.5280,0.8436,0.6865,0.8885,0.5451,0.4910,0.7791,0.5975,1.2321,1.1652,0.5504,0.5291,0.3968,0.4568,0.8973,1.1779,0.4237,0.7515,0.3816,1.8397,1.0945,0.8103,1.1480,0.4921,0.7879,0.3575,0.5664,1.1750,0.4777,0.5596,0.8668,0.8897,1.0792,1.4810,0.8780,0.6184,2.5459,1.7140,0.7708,1.8671,1.1918,44.6933,3.4370,0.6936,0.5377,2.4146,2.5267,1.6825,0.5933,1.1371,0.5412,0.6410,4.6765,0.6460,0.5940,28.0277,0.9584,0.4736,1.5760,0.9354,1.1740,0.4975,0.4763,0.7366,0.4837,0.4129,1.1098,1.7914,0.5536,0.6690,0.5496,0.3779,0.4922,0.7072,1.2962,1.4807,0.3850,1.2343,0.5959,0.5101,0.4945,1.5188,1.5607,1.0604,0.9523,1.4753,7.0884,0.4807,0.7729,0.8923,1.5398,0.4808,0.5243,1.5331,1.7634,0.6583,0.4853,0.7555,0.3729,0.5223,0.9137,0.6810,1.9958,0.3010,1.6207,0.4024,0.4407,0.5386,0.6186,0.5533,2.6645,0.6919,0.6144,0.4835,1.7373,0.5754,0.5778,1.1862,1.1468,0.8663,0.9200,0.6074,0.4555,0.5319,0.4184,0.5254,0.5775,1.2658,0.8749,1.3172,2.4782,3.9948,0.2947,1.4726,1.3011,0.5106,1.5306,0.6695,0.4087,0.5628,0.9679,0.5928,14.8267,0.3258,1.1293,1.1200,1.3615,1.1413,0.7543,0.5374,1.3896,2.0095,0.4728,0.8163,0.7834,3.2393,0.5348,0.4005,0.7399,0.8230,1.0304,0.3611,0.5172,1.1739,2.3534,1.2213,2.8742,1.0485,0.8141,1.1969,1.1325,0.6609,2.5091,0.6582,0.7669,0.5883,2.0660,0.4339,0.5087,0.5688,0.8524,0.7864,1.5783,1.0097,0.9290,0.8744,0.5261,0.7763,0.5964,1.0425,2.0794,1.2711,2.4982,14.4292,1.5442,1.3313,0.4913,2.1084,0.4975,0.5176,0.5042,0.6063,0.7115,2.7711,1.0785,0.6372,1.6247,0.5228,1.0781,0.6048,0.6580,0.4210,0.5254,0.3930,0.8365,0.8238,0.7170,1.5688,1.1910,2.3310,0.7014,0.4947,2.3696,2.1318,0.6273,1.3790,0.8055,0.8154,0.5388,0.4032,0.5039,1.5699,0.6994,8.7864,1.3314,0.6298,0.6307,1.8940,0.4870,0.9518,0.7811,2.5527,0.8002,1.0162,0.9110,1.5637,0.4006,0.5045,0.8738,0.4128,0.8099,1.4634,0.4555,0.8652,1.0144,0.6205,1.9468,0.6537,1.6155,0.8112,1.2876,0.8067,1.8580,1.0457,0.7975,0.7355,0.3969,1.0796,0.9308,0.4708,0.9980,1.1561,0.4432,0.8117,1.0977,2.8844,0.6103,0.6482,0.9458,0.7193,0.9570,0.7544,0.6353,1.1451,0.4490,0.5587,0.6506,0.9012,0.5065,0.7391,0.5091,0.9585,2.1114,0.6143,1.9806,0.5829,0.7975,0.9811,0.4916,0.7984,0.7495,0.5168,13.0582,1.0206,0.5953,0.6486,0.3586,1.5239,0.4605,1.0542,1.2942,1.0910,1.4530,1.8873,2.3799,0.8583,1.2003,0.7830,1.3825,0.5790,0.5520,0.5973,2.1088,0.6323,0.4576,0.8639,0.6360,3.1658,0.4306,0.4844,0.6040,1.6552,0.9505,0.6135,0.4600,0.6509,4.4690,1.2209,0.5223,0.7926,1.1180,0.4247,0.4285,0.6101,0.8546,1.4490
34000,1.4035,0.8174,0.5805,0.2428,0.3839,0.7720,0.9760,1.7099,2.8158,0.4278,0.6537,1.1202,0.8277,1.7156,1.0384,1.5330,0.4984,0.7124,1.2122,1.7921,0.6374,0.6071,0.5302,0.3508,0.6803,1.1313,0.8622,1.1170,1.7664,0.9529,0.3784,0.7808,1.1974,0.6396,0.3240,0.3785,0.5165,3.1492,0.5942,0.5568,0.8216,1.2293,1.5949,0.4370,0.4482,0.9812,1.1236,2.2569,0.8351,0.4397,0.4896,2.3514,0.3923,0.4382,0.5262,0.9137,0.6826,0.5061,1.9534,1.0660,0.7617,0.3094,0.6879,1.3225,0.6166,0.6128,0.4305,1.3155,0.9038,0.6817,0.4943,0.6490,0.7265,0.2798,0.5313,1.0333,1.2563,0.4227,2.4250,1.9638,0.5188,1.0666,0.3449,0.4417,1.3122,1.2863,0.4561,0.4903,0.5577,0.5386,1.6232,0.6211,0.4854,0.4355,1.8948,0.4954,0.5723,0.4360,0.8655,0.9151,0.4660,1.2677,0.6754,0.4792,0.9795,0.8339,10.1252,0.3548,0.5848,0.7454,0.8363,0.6007,0.4477,0.8728,1.3768,1.0570,1.0820,0.3785,0.7972,0.8950,0.6897,0.4277,1.5735,0.6813,0.9795,0.5776,1.9569,0.7302,0.7045,1.0762,0.4942,1.3167,2.2048,0.3360,1.8457,0.3003,0.5602,1.7257,1.6673,0.8647,1.7127,0.4416,1.4630,1.9431,0.6386,1.9380,0.4468,1.1117,0.7182,1.3641,0.9322,0.3567,0.6460,0.2554,0.7740,1.5356,0.8192,0.5772,1.6806,2.8910,0.5005,0.6456,1.9242,2.8371,0.9938,1.7358,0.4681,0.7074,0.5837,0.8099,0.5167,0.4117,0.6514,0.4740,1.0398,1.1889,0.5123,0.4583,0.3515,0.3199,0.8555,1.2102,0.4086,0.7660,0.3152,1.7845,1.3360,0.8213,1.0872,0.4188,0.5643,0.2935,0.4746,1.1428,0.4139,0.4521,0.7943,0.8959,1.1145,1.4235,0.8323,0.6737,2.2722,1.5405,0.6878,1.5253,1.0295,40.3820,2.7913,0.6160,0.5125,2.4053,2.1642,1.4909,0.4872,1.0315,0.4987,0.7317,4.4302,0.5966,0.5614,25.3518,0.8752,0.4210,1.4670,0.8745,1.1274,0.4111,0.4538,0.6810,0.3935,0.3193,1.2140,1.4834,0.4959,0.5811,0.5650,0.2865,0.3934,0.7910,1.3224,1.6172,0.3080,1.1822,0.3425,0.4329,0.5033,1.3546,1.5258,1.1466,0.8337,1.4080,6.6517,0.5826,0.8066,1.1975,1.3053,0.4655,0.5212,1.6341,1.5872,0.5240,0.5320,0.5414,0.3310,0.5847,0.8016,0.6479,1.7654,0.2545,1.2479,0.4153,0.4388,0.4045,0.7229,0.4312,2.4586,0.6947,0.5574,0.4497,1.8244,0.5981,0.5100,1.0544,1.0423,0.7359,0.7420,0.5454,0.3786,0.4326,0.3699,0.6317,0.4036,1.3047,0.9250,1.0561,2.5462,3.7724,0.2687,1.3995,1.0541,0.5188,1.6217,0.7627,0.3317,0.6007,1.0600,0.4604,13.3634,0.3490,0.9901,1.1352,1.0750,1.0989,0.7396,0.6323,1.2155,2.1207,0.3837,0.4970,0.4667,2.9203,0.6064,0.2921,0.6984,0.6154,0.9642,0.4602,0.4546,1.0728,2.0156,1.1037,2.6708,1.2444,0.7224,1.1846,0.9725,0.5334,2.3158,0.6930,0.6672,0.5812,2.0413,0.4172,0.3959,0.5078,0.8109,0.5756,1.5693,0.8999,0.8751,0.8631,0.4410,0.7014,0.5224,0.8579,1.9760,1.0523,2.3177,12.9158,1.3981,1.1763,0.4850,2.3346,0.4020,0.4633,0.3771,0.4893,0.7969,2.5108,1.1824,0.5714,1.4956,0.4998,1.1437,0.5097,0.6447,0.4021,0.3722,0.4326,0.8329,0.5374,0.6165,1.5704,1.1724,2.0871,0.8848,0.4578,2.2246,2.0923,0.5887,1.2930,0.6014,0.8028,0.5197,0.3989,0.5400,1.4105,0.6297,8.2841,1.2224,0.5515,0.5582,1.7859,0.4798,0.9868,0.6170,2.3512,1.0254,0.9028,0.7023,1.4893,0.3742,0.4566,0.7667,0.3925,0.8635,1.1856,0.4829,0.7530,1.0970,0.5845,1.8630,0.6481,1.7211,0.7168,1.0363,0.5194,1.7334,0.9282,0.8647,0.8409,0.2917,0.9887,0.7186,0.4317,1.0801,1.1057,0.4700,0.8042,0.9864,2.5221,0.5569,0.6092,0.7562,0.6849,1.0213,0.8545,0.5641,1.2392,0.4570,0.4686,0.6070,0.9421,0.3808,0.7155,0.4158,1.1723,1.9946,0.5488,1.8807,0.6371,0.5680,0.9360,0.3869,0.7961,0.6512,0.4625,11.5483,0.9796,0.4880,0.7019,0.3579,1.4447,0.3952,0.9722,1.3371,1.1207,1.4058,1.7531,2.2520,0.7486,0.9244,0.5843,1.3337,0.6463,0.3141,0.4410,2.0206,0.5216,0.4160,0.8129,0.6392,3.2144,0.4448,0.5258,0.6838,1.6520,0.8933,0.6173,0.4946,0.5404,4.3271,1.1689,0.5559,0.8992,1.1496,0.3290,0.3203,0.5255,0.7501,1.2733
40000,1.1341,0.6409,0.5355,0.2680,0.3218,0.7316,0.7606,1.6438,2.6534,0.2874,0.4812,1.1710,0.7122,1.4561,0.8687,1.4568,0.4057,0.6549,1.0711,1.6839,0.5924,0.6887,0.3819,0.3133,0.6605,0.9219,0.8105,0.9662,1.7980,0.7353,0.3120,0.6652,1.0035,0.5734,0.2539,0.2982,0.4619,2.9492,0.5429,0.4460,0.9164,1.1864,1.3021,0.4145,0.4590,0.9664,1.1045,2.0813,0.5676,0.4705,0.4582,2.2681,0.3764,0.4308,0.4979,0.7653,0.5613,0.4153,1.8525,1.0176,0.7262,0.2701,0.5969,1.0782,0.4509,0.6576,0.3008,1.2016,0.6730,0.6913,0.4253,0.7813,0.7226,0.3356,0.4604,0.9509,1.1692,0.3500,2.1712,1.7416,0.5909,0.9390,0.3370,0.3704,1.3277,1.1433,0.3537,0.3957,0.4294,0.4446,1.4634,0.5926,0.4370,0.4302,1.7905,0.4746,0.4306,0.3756,0.6651,0.9716,0.4109,1.1142,0.6147,0.4124,0.9282,0.8444,9.2831,0.3496,0.5264,0.6804,0.7922,0.5810,0.5321,0.7306,1.2744,0.8421,1.0900,0.3649,0.6224,0.9731,0.6079,0.5278,1.6874,0.6896,0.8578,0.4756,1.8391,0.6747,0.6742,1.0592,0.6169,1.0714,2.1592,0.2797,1.6901,0.2804,0.3837,1.5913,1.5265,0.7448,1.6562,0.4186,1.4835,1.8042,0.6337,1.7498,0.4249,0.9990,0.6232,1.2647,0.9640,0.3127,0.4859,0.2560,0.7383,1.5343,0.5671,0.4347,1.5793,2.7114,0.5645,0.6427,1.7636,2.5742,0.8361,1.8042,0.3997,0.6874,0.5735,0.6967,0.4617,0.3085,0.6173,0.6100,1.0174,0.9076,0.4685,0.5512,0.3330,0.3100,0.7174,1.1277,0.3571,0.5653,0.2648,1.6187,1.2506,0.8407,1.0188,0.3608,0.5065,0.2595,0.5100,1.1292,0.4258,0.4048,0.7631,0.6926,0.9640,1.5477,0.7401,0.5238,2.0919,1.4075,0.6427,1.3295,0.9228,36.0528,2.1015,0.6189,0.4742,2.3485,2.0306,1.3451,0.5229,0.7933,0.5153,0.5937,4.2390,0.6308,0.4551,22.9836,0.8130,0.4152,1.4021,0.8890,1.1139,0.3480,0.3957,0.8576,0.3145,0.3060,0.8642,1.3151,0.4589,0.4974,0.4491,0.2616,0.3683,0.8352,1.1358,1.5832,0.2936,1.0947,0.4248,0.3637,0.4527,1.2008,1.5402,0.9487,0.7099,1.2734,5.9703,0.5306,0.9168,1.1627,1.2663,0.4486,0.4159,1.4832,1.6472,0.4629,0.4663,0.4817,0.3012,0.3922,0.8835,0.4859,1.7203,0.2403,1.3116,0.2853,0.3645,0.4819,0.5954,0.3694,2.3237,0.6495,0.5288,0.3284,1.7721,0.4236,0.4408,1.1829,0.9046,0.6959,0.9751,0.6076,0.4129,0.3657,0.3053,0.4982,0.4657,1.1211,0.9814,0.8354,2.2895,3.5543,0.2667,1.3318,0.9232,0.4253,1.3106,0.6732,0.2867,0.4982,0.9201,0.4772,12.2019,0.3229,0.8436,1.1529,1.2530,1.1577,0.7765,0.4831,1.0998,1.9779,0.3238,0.4586,0.4956,2.5964,0.4641,0.2958,0.7067,0.5248,0.9020,0.3502,0.4421,0.8210,1.6887,1.0988,2.4689,1.1973,0.5921,1.0930,1.0537,0.4879,2.2274,0.7318,0.4711,0.6616,1.9017,0.3832,0.3705,0.4368,0.8290,0.5856,1.5758,0.7713,0.5948,0.6848,0.3645,0.6313,0.4498,0.7671,2.0074,0.8349,2.2251,11.6889,1.3220,1.1307,0.4430,2.0815,0.3971,0.4591,0.4408,0.4051,0.6099,2.3035,1.1709,0.4768,1.4526,0.4753,1.2097,0.6043,0.6171,0.3426,0.3101,0.3344,0.8245,0.5271,0.5347,1.3398,1.0262,2.0239,0.6484,0.4004,2.0601,1.8363,0.5112,1.2154,0.5806,0.6851,0.4915,0.3919,0.4520,1.4165,0.6769,7.6135,1.1766,0.4485,0.5126,1.6658,0.4541,0.9121,0.6043,2.2725,0.9049,0.6791,0.7232,1.6018,0.3547,0.3536,0.7024,0.3196,0.7147,1.1974,0.5682,0.7226,0.8691,0.6375,1.5301,0.5471,1.6519,0.6476,1.1016,0.5960,1.7112,1.0749,0.6908,0.6519,0.2788,0.9521,0.6481,0.4233,0.8793,1.0691,0.4461,0.7707,0.8940,2.4277,0.5649,0.5420,0.6704,0.7529,0.7673,0.7883,0.4555,1.1492,0.3964,0.4019,0.4372,0.7638,0.3848,0.6142,0.3452,1.0570,1.8811,0.4495,1.5620,0.5847,0.5145,0.8358,0.3653,0.6454,0.5889,0.3889,10.4399,0.9112,0.5122,0.5797,0.3258,1.2975,0.3207,1.0084,1.1963,0.9490,1.4178,1.7167,2.0202,0.6374,0.8710,0.4661,1.2749,0.6057,0.2910,0.3799,2.0211,0.3948,0.3887,0.8912,0.5604,2.9314,0.3677,0.4199,0.6059,1.5601,0.6672,0.4768,0.4094,0.4582,3.9659,1.2730,0.4526,0.7408,1.0840,0.3128,0.3317,0.5962,0.6027,1.2472
