model,n_params,rank,mag,mag_over_median
ours-51M,51192320,1,244.31906127929688,195.45114829499582
ours-51M,51192320,2,144.35781860351562,115.48383193550161
ours-51M,51192320,3,125.19175720214844,100.15130450364771
ours-51M,51192320,4,108.01569366455078,86.41074196205554
ours-51M,51192320,5,77.49923706054688,61.99808887671728
ours-51M,51192320,6,74.74473571777344,59.79453403492076
ours-51M,51192320,7,73.91934204101562,59.13423294718318
ours-51M,51192320,8,53.409976959228516,42.727085117427414
ours-51M,51192320,9,27.903057098388672,22.321977344970403
ours-51M,51192320,10,27.189701080322266,21.751304503710433
ours-51M,51192320,11,24.763776779174805,19.81060578027364
ours-51M,51192320,12,24.343900680541992,19.474711948700705
ours-51M,51192320,13,22.61676788330078,18.093034699651174
ours-51M,51192320,14,20.47531509399414,16.37990841102716
ours-51M,51192320,15,18.177440643310547,14.54164741873225
ours-51M,51192320,16,17.243099212646484,13.794189956483255
ours-51M,51192320,17,17.04279136657715,13.633947041658063
ours-51M,51192320,18,13.14241886138916,10.51371450259411
ours-51M,51192320,19,12.983013153076172,10.386192611459574
ours-51M,51192320,20,12.453253746032715,9.962393977474344
ours-51M,51192320,21,10.392289161682129,8.313656901875671
ours-51M,51192320,22,10.33240795135498,8.265752938679137
ours-51M,51192320,23,8.410896301269531,6.728575869870394
ours-51M,51192320,24,7.603923797607422,6.083011411422582
ours-51M,51192320,25,6.370597839355469,5.096371345354201
ours-51M,51192320,26,6.297423362731934,5.037832992238945
ours-51M,51192320,27,5.714431285858154,4.571449115863434
ours-51M,51192320,28,5.494706153869629,4.395672698208763
ours-51M,51192320,29,5.423079967498779,4.338372951308662
ours-51M,51192320,30,5.346229553222656,4.276893909769437
ours-51M,51192320,31,5.259900093078613,4.207831790635181
ours-51M,51192320,32,5.068910121917725,4.055043019342587
ours-51M,51192320,33,5.039953231811523,4.031877993279234
ours-51M,51192320,34,4.9051127433776855,3.9240078657375923
ours-51M,51192320,35,4.898784637451172,3.918945487209314
ours-51M,51192320,36,4.840741157531738,3.8725116774939026
ours-51M,51192320,37,4.737586975097656,3.7899900629190793
ours-51M,51192320,38,4.639096260070801,3.711199143996924
ours-51M,51192320,39,4.529537677764893,3.623554117018114
ours-51M,51192320,40,4.468433380126953,3.5746717045016307
ours-51M,51192320,41,4.356533527374268,3.485153700462023
ours-51M,51192320,42,4.291824817657471,3.433387818780047
ours-51M,51192320,43,4.18040657043457,3.3442550910808473
ours-51M,51192320,44,4.086499214172363,3.2691307822418674
ours-51M,51192320,45,4.010727882385254,3.208514988582191
ours-51M,51192320,46,3.9898383617401123,3.191803722682403
ours-51M,51192320,47,3.893256425857544,3.1145397950381244
ours-51M,51192320,48,3.8794775009155273,3.1035168863543476
ours-51M,51192320,49,3.8492889404296875,3.0793665446600285
ours-51M,51192320,50,3.7691314220428467,3.015241875339711
ours-51M,51192320,51,3.6943001747131348,2.9553781334672777
ours-51M,51192320,52,3.6234326362609863,2.8986852921687514
ours-51M,51192320,53,3.6063411235809326,2.8850123688940656
ours-51M,51192320,54,3.5335757732391357,2.826801309937296
ours-51M,51192320,55,3.5028419494628906,2.802214766762524
ours-51M,51192320,56,3.4927518367767334,2.7941428459692426
ours-51M,51192320,57,3.3785505294799805,2.7027837169227222
ours-51M,51192320,58,3.327455997467041,2.6619089488991654
ours-51M,51192320,59,3.326597213745117,2.661221936335724
ours-51M,51192320,60,3.3029510974884033,2.642305440214251
ours-51M,51192320,61,3.300645351409912,2.64046088205183
ours-51M,51192320,62,3.2112393379211426,2.5689375718796383
ours-51M,51192320,63,3.2059245109558105,2.5646857995131103
ours-51M,51192320,64,3.100809097290039,2.480595232870861
pythia-70m,70426624,1,97.140625,137.77285318540018
pythia-70m,70426624,2,75.921875,107.67867035995809
pythia-70m,70426624,3,21.1796875,30.0387811633923
pythia-70m,70426624,4,12.908203125,18.307479224350768
pythia-70m,70426624,5,7.1943359375,10.20360110801877
pythia-70m,70426624,6,6.046875,8.576177285306397
pythia-70m,70426624,7,5.8271484375,8.264542936276367
pythia-70m,70426624,8,4.7802734375,6.779778393342185
pythia-70m,70426624,9,3.927734375,5.5706371191056725
pythia-70m,70426624,10,3.78466796875,5.367728531848343
pythia-70m,70426624,11,3.234375,4.587257617722026
pythia-70m,70426624,12,2.97998046875,4.226454293622814
pythia-70m,70426624,13,2.9140625,4.132963988913806
pythia-70m,70426624,14,2.6240234375,3.7216066481941676
pythia-70m,70426624,15,2.5908203125,3.674515235451852
pythia-70m,70426624,16,2.454345703125,3.480955678665423
pythia-70m,70426624,17,2.44873046875,3.472991689745767
pythia-70m,70426624,18,2.337890625,3.3157894736795077
pythia-70m,70426624,19,2.31298828125,3.2804709141227715
pythia-70m,70426624,20,2.310791015625,3.277354570632471
pythia-70m,70426624,21,2.27490234375,3.226454293624233
pythia-70m,70426624,22,2.267333984375,3.2157202216020875
pythia-70m,70426624,23,2.2421875,3.1800554016575395
pythia-70m,70426624,24,2.201416015625,3.1222299168930787
pythia-70m,70426624,25,2.1787109375,3.0900277008266426
pythia-70m,70426624,26,2.173828125,3.08310249307042
pythia-70m,70426624,27,2.11767578125,3.0034626038738566
pythia-70m,70426624,28,2.0478515625,2.9044321329598697
pythia-70m,70426624,29,2.022705078125,2.8687673130153217
pythia-70m,70426624,30,1.99658203125,2.8317174515195296
pythia-70m,70426624,31,1.964599609375,2.78635734071627
pythia-70m,70426624,32,1.95751953125,2.7763157894697468
pythia-70m,70426624,33,1.955810546875,2.7738919667550688
pythia-70m,70426624,34,1.95361328125,2.7707756232647682
pythia-70m,70426624,35,1.947509765625,2.76211911356949
pythia-70m,70426624,36,1.93408203125,2.743074792239877
pythia-70m,70426624,37,1.92236328125,2.726454293624942
pythia-70m,70426624,38,1.8974609375,2.6911357340682054
pythia-70m,70426624,39,1.869873046875,2.652008310245546
pythia-70m,70426624,40,1.8505859375,2.624653739608466
pythia-70m,70426624,41,1.8447265625,2.6163434903009986
pythia-70m,70426624,42,1.830322265625,2.595914127420141
pythia-70m,70426624,43,1.82568359375,2.5893351800517292
pythia-70m,70426624,44,1.8212890625,2.5831024930711286
pythia-70m,70426624,45,1.82080078125,2.5824099722955065
pythia-70m,70426624,46,1.813720703125,2.5723684210489832
pythia-70m,70426624,47,1.765869140625,2.504501385037999
pythia-70m,70426624,48,1.760009765625,2.4961911357305318
pythia-70m,70426624,49,1.75830078125,2.4937673130158537
pythia-70m,70426624,50,1.752685546875,2.4858033240961976
pythia-70m,70426624,51,1.70458984375,2.4175900276974023
pythia-70m,70426624,52,1.685791015625,2.3909279778359442
pythia-70m,70426624,53,1.677734375,2.3795013850381763
pythia-70m,70426624,54,1.666015625,2.3628808864232416
pythia-70m,70426624,55,1.664794921875,2.361149584484186
pythia-70m,70426624,56,1.663818359375,2.3597645429329415
pythia-70m,70426624,57,1.64892578125,2.3386426592764615
pythia-70m,70426624,58,1.645751953125,2.334141274234917
pythia-70m,70426624,59,1.61669921875,2.2929362880853907
pythia-70m,70426624,60,1.61328125,2.2880886426560347
pythia-70m,70426624,61,1.60595703125,2.2777008310217
pythia-70m,70426624,62,1.5869140625,2.2506925207724313
pythia-70m,70426624,63,1.56591796875,2.2209141274206727
pythia-70m,70426624,64,1.565185546875,2.2198753462572394
pythia-160m,162322944,1,150.24609375,312.58819047554016
pythia-160m,162322944,2,67.080322265625,139.5611428568525
pythia-160m,162322944,3,60.494140625,125.85853968227784
pythia-160m,162322944,4,4.9630126953125,10.32558730156582
pythia-160m,162322944,5,4.20751953125,8.753777777759566
pythia-160m,162322944,6,4.192138671875,8.721777777759632
pythia-160m,162322944,7,3.77783203125,7.859809523793172
pythia-160m,162322944,8,3.65386962890625,7.601904761888947
pythia-160m,162322944,9,3.289581298828125,6.843999999985761
pythia-160m,162322944,10,3.274169921875,6.811936507922336
pythia-160m,162322944,11,3.03857421875,6.321777777764625
pythia-160m,162322944,12,2.95751953125,6.153142857130056
pythia-160m,162322944,13,2.9358978271484375,6.108158730146022
pythia-160m,162322944,14,2.8240966796875,5.875555555543332
pythia-160m,162322944,15,2.80316162109375,5.8319999999878664
pythia-160m,162322944,16,2.75,5.721396825384923
pythia-160m,162322944,17,2.66668701171875,5.548063492051949
pythia-160m,162322944,18,2.56005859375,5.3262222222111415
pythia-160m,162322944,19,2.48681640625,5.173841269830506
pythia-160m,162322944,20,2.29815673828125,4.781333333323386
pythia-160m,162322944,21,2.22918701171875,4.637841269831621
pythia-160m,162322944,22,2.213470458984375,4.605142857133276
pythia-160m,162322944,23,1.98907470703125,4.138285714277105
pythia-160m,162322944,24,1.90478515625,3.96292063491239
pythia-160m,162322944,25,1.83447265625,3.81663492062698
pythia-160m,162322944,26,1.788330078125,3.72063492062718
pythia-160m,162322944,27,1.7012939453125,3.5395555555481915
pythia-160m,162322944,28,1.66766357421875,3.4695873015800833
pythia-160m,162322944,29,1.612335205078125,3.3544761904692115
pythia-160m,162322944,30,1.61138916015625,3.352507936500962
pythia-160m,162322944,31,1.6087646484375,3.3470476190406555
pythia-160m,162322944,32,1.555419921875,3.2360634920567595
pythia-160m,162322944,33,1.5545654296875,3.2342857142789856
pythia-160m,162322944,34,1.54638671875,3.217269841263148
pythia-160m,162322944,35,1.52117919921875,3.1648253968188125
pythia-160m,162322944,36,1.47735595703125,3.073650793644399
pythia-160m,162322944,37,1.4359130859375,2.987428571422356
pythia-160m,162322944,38,1.435791015625,2.9871746031683886
pythia-160m,162322944,39,1.4144287109375,2.9427301587240366
pythia-160m,162322944,40,1.40460205078125,2.9222857142796346
pythia-160m,162322944,41,1.4024658203125,2.917841269835199
pythia-160m,162322944,42,1.3692626953125,2.8487619047559782
pythia-160m,162322944,43,1.3631591796875,2.836063492057592
pythia-160m,162322944,44,1.336181640625,2.7799365079307243
pythia-160m,162322944,45,1.31103515625,2.727619047613373
pythia-160m,162322944,46,1.259796142578125,2.6210158730104203
pythia-160m,162322944,47,1.25836181640625,2.618031746026299
pythia-160m,162322944,48,1.217041015625,2.5320634920582243
pythia-160m,162322944,49,1.20745849609375,2.5121269841217577
pythia-160m,162322944,50,1.205596923828125,2.50825396824875
pythia-160m,162322944,51,1.2012939453125,2.4993015872963875
pythia-160m,162322944,52,1.200439453125,2.4975238095186136
pythia-160m,162322944,53,1.1995849609375,2.4957460317408393
pythia-160m,162322944,54,1.18896484375,2.473650793645647
pythia-160m,162322944,55,1.18701171875,2.469587301582164
pythia-160m,162322944,56,1.1763916015625,2.4474920634869717
pythia-160m,162322944,57,1.15673828125,2.406603174598168
pythia-160m,162322944,58,1.1551513671875,2.4033015872965873
pythia-160m,162322944,59,1.15179443359375,2.396317460312475
pythia-160m,162322944,60,1.14788818359375,2.3881904761855077
pythia-160m,162322944,61,1.1463623046875,2.3850158730109112
pythia-160m,162322944,62,1.1424560546875,2.376888888883944
pythia-160m,162322944,63,1.138427734375,2.368507936503009
pythia-160m,162322944,64,1.13818359375,2.3679999999950736
pythia-410m,405334016,1,652.375,498.438351053527
pythia-410m,405334016,2,624.0,476.7588136538047
pythia-410m,405334016,3,392.375,299.7888453644417
pythia-410m,405334016,4,23.41796875,17.892184293961332
pythia-410m,405334016,5,20.34765625,15.546353292284333
pythia-410m,405334016,6,14.841796875,11.33967543367908
pythia-410m,405334016,7,14.32421875,10.94422682334549
pythia-410m,405334016,8,9.845703125,7.52247714977974
pythia-410m,405334016,9,9.345703125,7.140458869608422
pythia-410m,405334016,10,7.9677734375,6.087670210776919
pythia-410m,405334016,11,7.0576171875,5.392277560152567
pythia-410m,405334016,12,6.9248046875,5.290803954482061
pythia-410m,405334016,13,6.646484375,5.078157060246073
pythia-410m,405334016,14,6.125,4.679723932098644
pythia-410m,405334016,15,5.8994140625,4.507368028349475
pythia-410m,405334016,16,5.8486328125,4.468569296769576
pythia-410m,405334016,17,5.6328125,4.303674687555003
pythia-410m,405334016,18,5.6279296875,4.299944040287705
pythia-410m,405334016,19,5.34375,4.0828203693309595
pythia-410m,405334016,20,5.287109375,4.039544861030302
pythia-410m,405334016,21,5.2685546875,4.02536840141457
pythia-410m,405334016,22,5.20703125,3.9783622458466152
pythia-410m,405334016,23,5.15234375,3.936578996452877
pythia-410m,405334016,24,5.01953125,3.835105390782371
pythia-410m,405334016,25,5.01953125,3.835105390782371
pythia-410m,405334016,26,5.00390625,3.823167319527017
pythia-410m,405334016,27,4.9765625,3.8022756948301484
pythia-410m,405334016,28,4.97265625,3.79929117701631
pythia-410m,405334016,29,4.9482421875,3.78063794067982
pythia-410m,405334016,30,4.9365234375,3.7716843872383046
pythia-410m,405334016,31,4.9169921875,3.756761798169112
pythia-410m,405334016,32,4.8798828125,3.7284088789376475
pythia-410m,405334016,33,4.8193359375,3.682148852823152
pythia-410m,405334016,34,4.6875,3.581421376606105
pythia-410m,405334016,35,4.685546875,3.579929117699186
pythia-410m,405334016,36,4.658203125,3.5590374930023168
pythia-410m,405334016,37,4.59765625,3.5127774668878216
pythia-410m,405334016,38,4.5576171875,3.4821861592959777
pythia-410m,405334016,39,4.517578125,3.451594851704134
pythia-410m,405334016,40,4.5078125,3.4441335571695375
pythia-410m,405334016,41,4.50439453125,3.441522104082429
pythia-410m,405334016,42,4.40576171875,3.366163029283009
pythia-410m,405334016,43,4.3564453125,3.328483491883299
pythia-410m,405334016,44,4.33984375,3.3157992911744856
pythia-410m,405334016,45,4.2626953125,3.2568550643511767
pythia-410m,405334016,46,4.2412109375,3.2404402163750654
pythia-410m,405334016,47,4.20556640625,3.2132064913237897
pythia-410m,405334016,48,4.1875,3.199403096434787
pythia-410m,405334016,49,4.1787109375,3.192687931353651
pythia-410m,405334016,50,4.15673828125,3.1759000186508097
pythia-410m,405334016,51,4.1494140625,3.1703040477498625
pythia-410m,405334016,52,4.1171875,3.1456817757856954
pythia-410m,405334016,53,4.060546875,3.1024062674850383
pythia-410m,405334016,54,4.0244140625,3.074799477707033
pythia-410m,405334016,55,4.001953125,3.057638500277462
pythia-410m,405334016,56,3.97607421875,3.0378660697607827
pythia-410m,405334016,57,3.92529296875,2.999067338180883
pythia-410m,405334016,58,3.90478515625,2.9833986196582316
pythia-410m,405334016,59,3.8828125,2.9666107069553904
pythia-410m,405334016,60,3.87744140625,2.9625069949613625
pythia-410m,405334016,61,3.84130859375,2.9349002051833573
pythia-410m,405334016,62,3.83935546875,2.933407946276438
pythia-410m,405334016,63,3.83837890625,2.932661816822978
pythia-410m,405334016,64,3.81396484375,2.914008580486488
pythia-1.4b,1414647808,1,1136.5,953.7193198107136
pythia-1.4b,1414647808,2,579.125,485.98565867609284
pythia-1.4b,1414647808,3,157.28125,131.98606842848992
pythia-1.4b,1414647808,4,101.15625,84.88752304848438
pythia-1.4b,1414647808,5,46.8203125,39.29030936280251
pythia-1.4b,1414647808,6,39.8984375,33.48166359349782
pythia-1.4b,1414647808,7,28.87109375,24.227822167568277
pythia-1.4b,1414647808,8,22.89453125,19.212456463823255
pythia-1.4b,1414647808,9,17.05078125,14.308543331272565
pythia-1.4b,1414647808,10,15.3359375,12.869493956145725
pythia-1.4b,1414647808,11,15.12109375,12.689203032154891
pythia-1.4b,1414647808,12,13.271484375,11.1370620774338
pythia-1.4b,1414647808,13,12.470703125,10.465068633467963
pythia-1.4b,1414647808,14,11.806640625,9.907805777496295
pythia-1.4b,1414647808,15,11.56640625,9.706207744306544
pythia-1.4b,1414647808,16,10.92578125,9.168612989133875
pythia-1.4b,1414647808,17,10.0234375,8.41139110837237
pythia-1.4b,1414647808,18,9.826171875,8.245851259980787
pythia-1.4b,1414647808,19,9.4296875,7.913132554797702
pythia-1.4b,1414647808,20,8.9296875,7.493546404419034
pythia-1.4b,1414647808,21,8.8173828125,7.399303421423825
pythia-1.4b,1414647808,22,8.697265625,7.298504404828949
pythia-1.4b,1414647808,23,8.42578125,7.070682237240532
pythia-1.4b,1414647808,24,8.1298828125,6.822372464653156
pythia-1.4b,1414647808,25,7.994140625,6.708461380858947
pythia-1.4b,1414647808,26,7.8671875,6.601925834864363
pythia-1.4b,1414647808,27,7.755859375,6.508502356069113
pythia-1.4b,1414647808,28,7.728515625,6.485556238470279
pythia-1.4b,1414647808,29,7.62109375,6.395410776474862
pythia-1.4b,1414647808,30,7.59765625,6.375742675675862
pythia-1.4b,1414647808,31,7.4150390625,6.222495390283653
pythia-1.4b,1414647808,32,7.173828125,6.020077852893944
pythia-1.4b,1414647808,33,7.154296875,6.003687768894777
pythia-1.4b,1414647808,34,7.130859375,5.984019668095777
pythia-1.4b,1414647808,35,6.591796875,5.531653349718775
pythia-1.4b,1414647808,36,6.3525390625,5.330874820728982
pythia-1.4b,1414647808,37,6.3046875,5.290719114931024
pythia-1.4b,1414647808,38,6.26171875,5.254660930132857
pythia-1.4b,1414647808,39,6.19921875,5.2022126613355235
pythia-1.4b,1414647808,40,6.1181640625,5.134193812738982
pythia-1.4b,1414647808,41,6.046875,5.074370006142023
pythia-1.4b,1414647808,42,6.0380859375,5.066994468342398
pythia-1.4b,1414647808,43,5.9716796875,5.011268182745231
pythia-1.4b,1414647808,44,5.8935546875,4.945707846748564
pythia-1.4b,1414647808,45,5.830078125,4.892440073751272
pythia-1.4b,1414647808,46,5.748046875,4.8236017209547715
pythia-1.4b,1414647808,47,5.74609375,4.821962712554855
pythia-1.4b,1414647808,48,5.712890625,4.794099569756272
pythia-1.4b,1414647808,49,5.5244140625,4.635935259164312
pythia-1.4b,1414647808,50,5.5234375,4.635115754964354
pythia-1.4b,1414647808,51,5.509765625,4.6236426961649375
pythia-1.4b,1414647808,52,5.4990234375,4.614628149965395
pythia-1.4b,1414647808,53,5.3955078125,4.527760704769812
pythia-1.4b,1414647808,54,5.361328125,4.49907805777127
pythia-1.4b,1414647808,55,5.31640625,4.4613808645731865
pythia-1.4b,1414647808,56,5.3056640625,4.452366318373645
pythia-1.4b,1414647808,57,5.2783203125,4.429420200774811
pythia-1.4b,1414647808,58,5.2529296875,4.408113091575895
pythia-1.4b,1414647808,59,5.2509765625,4.406474083175978
pythia-1.4b,1414647808,60,5.2177734375,4.378610940377395
pythia-1.4b,1414647808,61,5.193359375,4.358123335378436
pythia-1.4b,1414647808,62,5.12890625,4.304036058181186
pythia-1.4b,1414647808,63,5.1220703125,4.298299528781477
pythia-1.4b,1414647808,64,5.07470703125,4.258553575083498
pythia-2.8b,2775208960,1,828.375,1038.57483930081
pythia-2.8b,2775208960,2,177.21875,222.18794000584327
pythia-2.8b,2775208960,3,169.09375,212.00122436459495
pythia-2.8b,2775208960,4,75.734375,94.95194367909737
pythia-2.8b,2775208960,5,66.5625,83.45270890714974
pythia-2.8b,2775208960,6,64.484375,80.84726048352276
pythia-2.8b,2775208960,7,47.78125,59.9057239056488
pythia-2.8b,2775208960,8,21.84375,27.386593204740688
pythia-2.8b,2775208960,9,20.08203125,25.177838995989248
pythia-2.8b,2775208960,10,19.46484375,24.40404040400981
pythia-2.8b,2775208960,11,19.4140625,24.340373431252004
pythia-2.8b,2775208960,12,12.25,15.358432812959013
pythia-2.8b,2775208960,13,11.51953125,14.442607897135245
pythia-2.8b,2775208960,14,9.14453125,11.464952555847272
pythia-2.8b,2775208960,15,8.2158203125,10.300581573295933
pythia-2.8b,2775208960,16,7.65625,9.599020508099382
pythia-2.8b,2775208960,17,7.1953125,9.021120293836256
pythia-2.8b,2775208960,18,6.3798828125,7.998775635129244
pythia-2.8b,2775208960,19,6.1328125,7.689011325365322
pythia-2.8b,2775208960,20,5.5595703125,6.970309152118595
pythia-2.8b,2775208960,21,5.216796875,6.540557086003432
pythia-2.8b,2775208960,22,5.130859375,6.4328129782594585
pythia-2.8b,2775208960,23,4.8662109375,6.101010101002452
pythia-2.8b,2775208960,24,4.6943359375,5.885521885514507
pythia-2.8b,2775208960,25,4.6748046875,5.861034588299967
pythia-2.8b,2775208960,26,4.5791015625,5.741046831948725
pythia-2.8b,2775208960,27,4.4189453125,5.540250994789504
pythia-2.8b,2775208960,28,4.35546875,5.460667278842251
pythia-2.8b,2775208960,29,4.2802734375,5.366391184566274
pythia-2.8b,2775208960,30,4.2509765625,5.329660238744466
pythia-2.8b,2775208960,31,4.2158203125,5.285583103758295
pythia-2.8b,2775208960,32,4.2109375,5.279461279454661
pythia-2.8b,2775208960,33,4.1669921875,5.2243648607219475
pythia-2.8b,2775208960,34,4.154296875,5.208448117532496
pythia-2.8b,2775208960,35,4.14501953125,5.196816651355591
pythia-2.8b,2775208960,36,4.140625,5.191307009482319
pythia-2.8b,2775208960,37,4.05517578125,5.08417508416871
pythia-2.8b,2775208960,38,4.01806640625,5.037649219461086
pythia-2.8b,2775208960,39,4.01025390625,5.02785430057527
pythia-2.8b,2775208960,40,3.93359375,4.931741659008203
pythia-2.8b,2775208960,41,3.90234375,4.89256198346494
pythia-2.8b,2775208960,42,3.90087890625,4.89072543617385
pythia-2.8b,2775208960,43,3.873046875,4.8558310376431315
pythia-2.8b,2775208960,44,3.7529296875,4.705234159773715
pythia-2.8b,2775208960,45,3.7431640625,4.692990511166446
pythia-2.8b,2775208960,46,3.7392578125,4.688093051723538
pythia-2.8b,2775208960,47,3.71923828125,4.662993572078635
pythia-2.8b,2775208960,48,3.6669921875,4.597490052029743
pythia-2.8b,2775208960,49,3.6396484375,4.563207835929387
pythia-2.8b,2775208960,50,3.60888671875,4.524640342816489
pythia-2.8b,2775208960,51,3.60009765625,4.513621059069946
pythia-2.8b,2775208960,52,3.55322265625,4.4548515457550515
pythia-2.8b,2775208960,53,3.53857421875,4.436486072844147
pythia-2.8b,2775208960,54,3.53564453125,4.432812978261966
pythia-2.8b,2775208960,55,3.505859375,4.3954698500097935
pythia-2.8b,2775208960,56,3.48193359375,4.365472910921984
pythia-2.8b,2775208960,57,3.47509765625,4.356902356896895
pythia-2.8b,2775208960,58,3.462890625,4.341597796137807
pythia-2.8b,2775208960,59,3.447265625,4.322007958366176
pythia-2.8b,2775208960,60,3.419921875,4.287725742265821
pythia-2.8b,2775208960,61,3.40869140625,4.273645546367461
pythia-2.8b,2775208960,62,3.3994140625,4.262014080190555
pythia-2.8b,2775208960,63,3.3896484375,4.249770431583285
pythia-2.8b,2775208960,64,3.37548828125,4.2320171411027445
pythia-6.9b,6857302016,1,1951.0,1693.0711864392085
pythia-6.9b,6857302016,2,1541.0,1337.2745762700258
pythia-6.9b,6857302016,3,1017.0,882.549152541607
pythia-6.9b,6857302016,4,694.5,602.6847457621888
pythia-6.9b,6857302016,5,627.0,544.1084745757989
pythia-6.9b,6857302016,6,585.0,507.66101694871196
pythia-6.9b,6857302016,7,349.75,303.5118644065162
pythia-6.9b,6857302016,8,312.25,270.9694915251886
pythia-6.9b,6857302016,9,276.0,239.5118644065718
pythia-6.9b,6857302016,10,187.875,163.03728813545172
pythia-6.9b,6857302016,11,166.5,144.48813559309494
pythia-6.9b,6857302016,12,87.5625,75.98644067790015
pythia-6.9b,6857302016,13,40.84375,35.44406779657941
pythia-6.9b,6857302016,14,31.28125,27.14576271184085
pythia-6.9b,6857302016,15,26.96875,23.403389830488162
pythia-6.9b,6857302016,16,26.578125,23.064406779641
pythia-6.9b,6857302016,17,25.828125,22.413559322014446
pythia-6.9b,6857302016,18,25.21875,21.884745762692873
pythia-6.9b,6857302016,19,21.953125,19.050847457610583
pythia-6.9b,6857302016,20,21.8125,18.928813559305606
pythia-6.9b,6857302016,21,19.359375,16.79999999998542
pythia-6.9b,6857302016,22,18.90625,16.40677966100271
pythia-6.9b,6857302016,23,17.953125,15.579661016935631
pythia-6.9b,6857302016,24,16.453125,14.277966101682523
pythia-6.9b,6857302016,25,15.8671875,13.769491525411778
pythia-6.9b,6857302016,26,15.734375,13.654237288123744
pythia-6.9b,6857302016,27,15.359375,13.328813559310467
pythia-6.9b,6857302016,28,15.03125,13.04406779659885
pythia-6.9b,6857302016,29,14.28125,12.393220338972295
pythia-6.9b,6857302016,30,14.203125,12.325423728802862
pythia-6.9b,6857302016,31,14.03125,12.17627118643011
pythia-6.9b,6857302016,32,12.9609375,11.247457627108883
pythia-6.9b,6857302016,33,12.828125,11.132203389820846
pythia-6.9b,6857302016,34,11.9765625,10.39322033897403
pythia-6.9b,6857302016,35,11.4140625,9.905084745754115
pythia-6.9b,6857302016,36,10.71875,9.301694915246165
pythia-6.9b,6857302016,37,10.3515625,8.983050847449832
pythia-6.9b,6857302016,38,9.7265625,8.44067796609437
pythia-6.9b,6857302016,39,9.2265625,8.00677966101
pythia-6.9b,6857302016,40,9.1953125,7.979661016942227
pythia-6.9b,6857302016,41,8.84375,7.67457627117978
pythia-6.9b,6857302016,42,8.8125,7.647457627112007
pythia-6.9b,6857302016,43,8.6171875,7.477966101688425
pythia-6.9b,6857302016,44,8.6015625,7.464406779654539
pythia-6.9b,6857302016,45,8.5859375,7.450847457620652
pythia-6.9b,6857302016,46,8.4609375,7.34237288134956
pythia-6.9b,6857302016,47,7.98046875,6.925423728807549
pythia-6.9b,6857302016,48,7.84375,6.806779661011042
pythia-6.9b,6857302016,49,7.8046875,6.772881355926326
pythia-6.9b,6857302016,50,7.70703125,6.688135593214534
pythia-6.9b,6857302016,51,7.68359375,6.6677966101637045
pythia-6.9b,6857302016,52,7.609375,6.603389830502744
pythia-6.9b,6857302016,53,7.59375,6.589830508468857
pythia-6.9b,6857302016,54,7.515625,6.522033898299425
pythia-6.9b,6857302016,55,7.5078125,6.515254237282481
pythia-6.9b,6857302016,56,7.23828125,6.281355932197938
pythia-6.9b,6857302016,57,7.1953125,6.24406779660475
pythia-6.9b,6857302016,58,7.171875,6.223728813553921
pythia-6.9b,6857302016,59,7.015625,6.088135593215055
pythia-6.9b,6857302016,60,6.76953125,5.8745762711813425
pythia-6.9b,6857302016,61,6.734375,5.844067796605097
pythia-6.9b,6857302016,62,6.6015625,5.728813559317062
pythia-6.9b,6857302016,63,6.55859375,5.691525423723874
pythia-6.9b,6857302016,64,6.4140625,5.566101694910423
ours-203M,203056128,1,376.770751953125,316.79835038574043
ours-203M,203056128,2,298.67425537109375,251.13284646899484
ours-203M,203056128,3,290.2794189453125,244.07425628475332
ours-203M,203056128,4,130.22918701171875,109.49998481443009
ours-203M,203056128,5,112.7197494506836,94.77760812578475
ours-203M,203056128,6,98.02751922607422,82.42401041546451
ours-203M,203056128,7,42.684181213378906,35.88993605758122
ours-203M,203056128,8,23.382049560546875,19.66021696487855
ours-203M,203056128,9,20.129064559936523,16.92502513621153
ours-203M,203056128,10,18.535457611083984,15.585080222911714
ours-203M,203056128,11,16.5529842376709,13.918166612645447
ours-203M,203056128,12,15.677033424377441,13.181645077383232
ours-203M,203056128,13,15.337295532226562,12.895984889486488
ours-203M,203056128,14,14.57315731048584,12.253478201110976
ours-203M,203056128,15,13.015887260437012,10.944086268740477
ours-203M,203056128,16,12.028456687927246,10.113829740414044
ours-203M,203056128,17,11.872293472290039,9.98252377027612
ours-203M,203056128,18,11.719636917114258,9.854166288692005
ours-203M,203056128,19,9.23137092590332,7.761969489311366
ours-203M,203056128,20,9.123198509216309,7.67101539325683
ours-203M,203056128,21,8.5787992477417,7.213270764481005
ours-203M,203056128,22,8.282983779907227,6.964541658671311
ours-203M,203056128,23,7.718994140625,6.490324946166283
ours-203M,203056128,24,7.669015407562256,6.448301566945445
ours-203M,203056128,25,6.994694709777832,5.881315717906812
ours-203M,203056128,26,6.711422920227051,5.643133653149118
ours-203M,203056128,27,6.646223068237305,5.588311973258436
ours-203M,203056128,28,6.569521903991699,5.5238196999603835
ours-203M,203056128,29,6.3189005851745605,5.313090974439125
ours-203M,203056128,30,6.289120197296143,5.288050873250739
ours-203M,203056128,31,6.162378311157227,5.1814830989597525
ours-203M,203056128,32,6.0045576095581055,5.048783472823321
ours-203M,203056128,33,5.999118328094482,5.044209987790243
ours-203M,203056128,34,5.9917521476745605,5.038016317518392
ours-203M,203056128,35,5.9754557609558105,5.024313904571034
ours-203M,203056128,36,5.908536911010742,4.9680468478464554
ours-203M,203056128,37,5.896520137786865,4.957942841857272
ours-203M,203056128,38,5.894182205200195,4.955977049175832
ours-203M,203056128,39,5.841947555541992,4.912056838387404
ours-203M,203056128,40,5.838571548461914,4.909218206491708
ours-203M,203056128,41,5.619316101074219,4.72486269671437
ours-203M,203056128,42,5.542959213256836,4.660659899719805
ours-203M,203056128,43,5.510797500610352,4.633617520609513
ours-203M,203056128,44,5.479973793029785,4.607700169903079
ours-203M,203056128,45,5.3636908531188965,4.50992654137483
ours-203M,203056128,46,5.362549781799316,4.508967099831554
ours-203M,203056128,47,5.320242881774902,4.473394391312671
ours-203M,203056128,48,5.269595146179199,4.430808497889903
ours-203M,203056128,49,5.254340171813965,4.41798173071376
ours-203M,203056128,50,5.196554660797119,4.36939421570248
ours-203M,203056128,51,5.170300006866455,4.347318640536238
ours-203M,203056128,52,5.058687686920166,4.253472187067077
ours-203M,203056128,53,5.029110908508301,4.2286032858531915
ours-203M,203056128,54,5.026352405548096,4.2262838669949145
ours-203M,203056128,55,4.963397026062012,4.17334939619082
ours-203M,203056128,56,4.8300557136535645,4.06123265785514
ours-203M,203056128,57,4.703164100646973,3.954538989437706
ours-203M,203056128,58,4.6137542724609375,3.8793609509865354
ours-203M,203056128,59,4.584976673126221,3.8551640196959815
ours-203M,203056128,60,4.58045768737793,3.8513643425101756
ours-203M,203056128,61,4.576587200164795,3.8481099392478364
ours-203M,203056128,62,4.5740814208984375,3.8460030168450285
ours-203M,203056128,63,4.498581409454346,3.7825207031155155
ours-203M,203056128,64,4.497467994689941,3.781584515901328
ours-380M,379659520,1,825.2303466796875,382.3697233372808
ours-380M,379659520,2,466.1532897949219,215.99169876484484
ours-380M,379659520,3,440.6033935546875,204.15317780402194
ours-380M,379659520,4,437.81719970703125,202.86219744323077
ours-380M,379659520,5,256.59765625,118.89428839362654
ours-380M,379659520,6,211.46755981445312,97.98329965251216
ours-380M,379659520,7,125.67444610595703,58.23113919822068
ours-380M,379659520,8,123.79840850830078,57.36187890008408
ours-380M,379659520,9,64.36231231689453,29.82221830907904
ours-380M,379659520,10,46.86526107788086,21.714975684763946
ours-380M,379659520,11,41.923561096191406,19.425243536137728
ours-380M,379659520,12,26.311594009399414,12.191452922709813
ours-380M,379659520,13,23.363920211791992,10.825650975393417
ours-380M,379659520,14,22.232545852661133,10.301429705014378
ours-380M,379659520,15,21.351917266845703,9.89339125844493
ours-380M,379659520,16,20.459012985229492,9.47966487949878
ours-380M,379659520,17,19.676010131835938,9.116861226398749
ours-380M,379659520,18,14.757123947143555,6.837699829661551
ours-380M,379659520,19,13.560466766357422,6.283229823816786
ours-380M,379659520,20,12.19888687133789,5.65234302977805
ours-380M,379659520,21,12.19016170501709,5.648300231975498
ours-380M,379659520,22,11.772688865661621,5.45486457521924
ours-380M,379659520,23,11.615239143371582,5.381910390979889
ours-380M,379659520,24,10.736371994018555,4.974688104377794
ours-380M,379659520,25,10.526649475097656,4.877513367820865
ours-380M,379659520,26,10.133260726928711,4.69523705259982
ours-380M,379659520,27,9.705484390258789,4.497027279824459
ours-380M,379659520,28,9.214502334594727,4.269531195194034
ours-380M,379659520,29,8.931708335876465,4.1384988555734505
ours-380M,379659520,30,8.801698684692383,4.078259003083234
ours-380M,379659520,31,8.615354537963867,3.9919166138136353
ours-380M,379659520,32,8.089884757995605,3.748440673796424
ours-380M,379659520,33,7.896161079406738,3.6586789852158446
ours-380M,379659520,34,7.869617938995361,3.646380245480404
ours-380M,379659520,35,7.868617057800293,3.6459164880977637
ours-380M,379659520,36,7.85467529296875,3.6394565841655835
ours-380M,379659520,37,7.838515281677246,3.6319688577731633
ours-380M,379659520,38,7.768751621246338,3.5996439297754335
ours-380M,379659520,39,7.749879360198975,3.5908994849492544
ours-380M,379659520,40,7.669890403747559,3.55383667543016
ours-380M,379659520,41,7.63592529296875,3.5380989725404546
ours-380M,379659520,42,7.557129859924316,3.5015891809959903
ours-380M,379659520,43,7.326579570770264,3.3947639162273613
ours-380M,379659520,44,7.324475288391113,3.393788898919313
ours-380M,379659520,45,7.202689170837402,3.3373594131851814
ours-380M,379659520,46,7.139970779418945,3.3082989041148054
ours-380M,379659520,47,7.096994876861572,3.2883860591289786
ours-380M,379659520,48,7.029239654541016,3.2569917390853615
ours-380M,379659520,49,6.917379379272461,3.2051613832593038
ours-380M,379659520,50,6.903100490570068,3.198545273291141
ours-380M,379659520,51,6.882905960083008,3.1891881561342985
ours-380M,379659520,52,6.8776068687438965,3.186732827028398
ours-380M,379659520,53,6.848146438598633,3.173082363773665
ours-380M,379659520,54,6.821310997009277,3.160648186555824
ours-380M,379659520,55,6.797271728515625,3.149509613574193
ours-380M,379659520,56,6.696013927459717,3.10259190443847
ours-380M,379659520,57,6.442793369293213,2.985262391340693
ours-380M,379659520,58,6.371469020843506,2.9522143199826094
ours-380M,379659520,59,6.240969181060791,2.89174733905535
ours-380M,379659520,60,6.19125509262085,2.868712361828411
ours-380M,379659520,61,6.138672828674316,2.8443484181142957
ours-380M,379659520,62,6.1065521240234375,2.8294653191102763
ours-380M,379659520,63,6.092215061187744,2.8228222542108696
ours-380M,379659520,64,6.056615829467773,2.806327382883666
